Original	Final_Laure_NamesAnecorihza_pausiflora	UnknownAreospernum_capens	UnknownBolubini_sp_fat_stem	UnknownBolubini_sp_.fat_stem	UnknownCispilos_capensis	UnknownCurrumbrium_glabrum	Unknowncyp_sp	UnknownCyp_sp_2007.345	UnknownErica_spp_08	EricaErica_spp_09	EricaErica_spp_2007.13	EricaErica_spp_2007.14	EricaErica_spp._01	EricaErica_spp.02	EricaErica_spp.03	EricaErica_spp.04	EricaErica_spp.05	EricaErica_spp.06	EricaErica_spp.07	EricaGladiolus_spp_2007.	GladiolusHyperinnia_hirta	Hyparrhenia_hirtaIridacea_bulb	UnknownLachendorphia_paniculata	UnknownLexaton_levi	UnknownLichthente_lacera	UnknownLolusatra_murticulosa	UnknownMesemb_sp1	UnknownMesemb_sp2	UnknownMesemb_sp3	UnknownMesemb_sp4	UnknownMesemb_sp5	UnknownMesemb_spp	UnknownMesemb_spp1	UnknownMesemb_spp2	UnknownMesemb_spp3	UnknownMesemb_spp4	UnknownMesemb_spp5	UnknownMulraltea_sp1	UnknownMulraltea_vanbergii	UnknownN.A	UnknownNemesia_spp._2	NemesiaOsteopurnum_polygon	Osteopermumoxalis_spp_2	OxalisPanamosis_virgata	UnknownPelargonium_spp_2	PelargoniumPspedo_selago_spurria	Pseudoselago_spuriaSpeudopentamerus_mecrantha	UnknownSpoedoselago_spuria	Pseudoselago_spuriaSpoedoselagus..	UnknownTerroselastrus_tricostidatus	UnknownTretrerius_sylvaticum	UnknownTretrerria_salvatica	UnknownTricogeini_ambigua	UnknownUnknown_sp1	UnknownUnknown_spp	UnknownUnknown_spp1	UnknownVygie_2007.	Unknownvygie_sp	UnknownVygie_sp	UnknownVygie_sp_2007.181	UnknownVygie_sp_2007.401	Unknownweed	UnknownWeed	UnknownThin_round_sedge_2007.347	TahinaTrachyandra_sp_flat_leaf_hairy_rosette	TrachyandraWide_leaf_sedge_2007.243	SideBulb_leafy_orchid	BulgaGrass_cyp_2007.362	GriasLeafy_orchid_spp.	LeaoaMerx__tall_2007.410	MurexMerx_tall_2007.410	MurexExotic_weed_2007.183	ExomisMuraltia_sp_lime_green_4935	MuraltiaMuraltia_sp_lime_green_.4935	MuraltiaRestio_flaky_bract_200.381	RestioStruthiola_tiny_yellow_2007.168	StruthiolaTetraria_light_brown_2007.383	TetrariaOsteospermum_cf_chrysanthemoides_incane_2007.43	OsteospermumMustard_seed_2007.119	MuscariTiny_irid_sp_2007.192	TinaAspalathus_ground_2007.386	AspalathusAspalathus_sp_ground	AspalathusAsparagus_white_bark	AsparagusAvena_longhorn_2007.162	AvenaElegia_tall_2007.411	Elegiafern_2_2007.367	FeeaFern_sp	FeeaFern_sp_2007.146	FeeaFern_sp1	FeeaIridaceae_bulb_2007.57	IridaceaeMoraea_big_fruit	MoraeaOxalis_legume_sp	OxalisOxalis_legume_sp.	Oxalisoxalis_pink_leaf	OxalisOxalis_pink_leaf	OxalisOxalis_sp_pink	Oxalisoxalis_thin_leaf	OxalisOxalis_thin_leaf	OxalisPentameris_tiny_blom	PentamerisPentameris_tiny_flower	PentamerisPentashistis_minute_2007.126	PentaschistisStoebe_grey_2007.80	StoebeStruthiola_tiny_yellow2007.168	StruthiolaTetraria_broadleaf_2007.31	Tetrariacuisti_capros	CuieteIschryolepis_tufted_2007.382	IschyrolepisIschyrolepis_mottled_2007.133	IschyrolepisIschyrolepis_tufted_2007.382	IschyrolepisLepido_carpodendron	LepiaGrass_1_2007.349	GriasGrass_1_2007.405	GriasGrass_sp	Griasbulb_sp	BulgaBulb_sp	BulgaBulb_sp_3	BulgaBulb_sp1	BulgaBulb_sp2	BulgaUnknown_bulb	Bulgaunknown_bulb__1	Bulgaunknown_bulb_2	BulgaAvena_long_horn_2007.162	Avena_longaOthonna_proteiod	OttoniaOthonna_quinquidenta	OttoniaScancio_umbelatus	ScandiaCinerea_geifolia	CereaAst_shrub	AstaPhycinia_bulbosa	PhotiniaPhyscia_digitata.	PhysariaStraethiolia_cilleata	StruthiolaChorysa_coma	ChorisiaCitirium_phycorni	CamiriumMyraltea_vanbergia	MalteaHerminia_chiromia	HermanniaTritreria_sylvatica	TrimeriaEricoid_shrub	EricoidesHermanthus_protinius	HerreanthusTritrearia_compur	TritomariaAplocartha_flinata	AplocaryaCurdrostis_nana	CedrostisWildinovia_lamerata	WilldenoviaBobania_ambigua	BonaniaCasania_cassiculata	CasasiaFicina_small	FiciniaHordium_catharticum	HordeumOrchid_leaf	OrchisOrsinia_pennelucea	CorsiniaPseudoselagus_spoedo	PseudoselagoRomulae_larvae	RomuleaSchoenozipium_grassulus	SchoenoxiphiumUrcinia_paeliaceae	UnciniaErcinia_paleacea	CerciniaMeraltea_thumbergii	PeralteaSythia_digitata	SethiaAgathelpis_africana	AgathelpisAnnual_spp	AnnaAspalathus_larcifolius	AspalathusAspalathus_tenpoda	AspalathusAsparagus_cesparagoides	AsparagusBobartia_latifolia	BobartiaCapebolus_brevifolius	CapeobolusCasmanthe_ithipica	ChasmantheChaenostoma_hirsuta	ChaenostomaCliffortia_africana	CliffortiaCliffortia_graminieus	CliffortiaCliffortia_tripinoides	CliffortiaCysticapnos_vivicareous	CysticapnosDimorphotheca_ceca	DimorphothecaEhrharta_grass	EhrhartaElegia_palaceae	ElegiaElegia_stipulacea	ElegiaErica_abietina_avr_atrorosea	Erica_abietinaErica_baccum	EricaEuphorbia_scuberosa	EuphorbiaFern	FeeaFicinia_ehrhata	FiciniaFicinia_lanuginosa	FiciniaFicinia_large	FiciniaFicinia_small	FiciniaFicinia_tinusima	FiciniaGnidia_juniperi	GnidiaHaemanthus_coxinius	HaemanthusHypodiscus_radiata	HypodiscusIridaceae_bulb	IridaceaeLeucospermum_conocarpohirsuta	LeucospermumLobelia_cetaceae	LobeliaLyperia_carva	LyperiaMalvaceae_weed	MalvaceaeMetalasia_digitata	MetalasiaMetalasia_niveum	MetalasiaMoraea_bigfruit	MoraeaMoraea_medium	MoraeaMoraea_small	MoraeaMoss_spp	MossiaMoss_	MossiaNemesia_large	NemesiaOxalis_prescaparii	OxalisPelargonium_culluatum	PelargoniumProtea_seedling	ProteaPseudopentameris_hastifolius	PseudopentamerisRoella_ampleoricorus	RoellaRoella_amplexicorus	RoellaRoella_large	RoellaRoella_small	RoellaSelago_lusceris	SelagoSelago_luxurii	SelagoSilene_bellidiflorus	Silenesilene_belloides	SileneSilene_belloides	SileneStoebe_grey	StoebeStruthiola_argentium	StruthiolaTarchonanthus_litioreus	TarchonanthusTarchonanthus_litoreus	TarchonanthusTetraria_involuta	TetrariaTetraria_radiata	TetrariaTetraria_stipularis	TetrariaTrachyandra_thin	TrachyandraTritoniopsis_pink	TritoniopsisHelipterum_speciossiumum	HelipterumHelipterum_spessiossima	HelipterumEuryops_erithrina	EuryopsIschyrolepis_galdindiana	IschyrolepisIschyrolepis_obtusus	Ischyrolepismemem_sp	MegemaMesem_sp	MegemaMesem_sp__2	Megemamesem_sp_1	MegemaMesem_sp_1	MegemaMesem_sp_2007.208	MegemaMesem_sp_3	MegemaMesem_sp_4	MegemaMesem_sp2	MegemaMorea_tall	MoreaWildenovia_lannamois.	WilldenoviaTetraria_tall_2007.134	Tetrasida_tullaRomelae_sp	RomuleaBobartia_indica_var_minor	Bobartia_indicaBobartia_indica_var._minor	Bobartia_indicaErica_glabella_subsp_glabella	Erica_glabellaLeucospermum_conocarpodendron_subsp_hirta	Leucospermum_conocarpodendronMoss	MossiaPteridium_aquilinum_ssp._aquil	Pteridium_aquilinumWahlenbergia_tenella_var._tenella	Wahlenbergia_tenellaVicaria_carva	Vicia_carneaCeterium_sp_2007.405	CteniumMurlatea_sp1	MuraltiaMyraltea_sp2	MalteaTretreria_sp	TetrariaTretreria_sp1	TetrariaTritreria_sp_1	TrimeriaHelifila_sp	HelicillaPsoracea_pinnata	Sorocea_pileataCotula_fillifolia	Cola_ficifoliaTreteria_sp_2	TreisteriaTreteria_sp2	TreisteriaLamiacea	LaplaceaElmuntia	EmurtiaCorymbium_africanum_subsp_scabridum_var_gramineum	Corymbium_africanum_subsp._scabridumAsteraceae01	AsteliaceaeAsteraceae1	AsteliaceaeHermanthus_sp	HerreanthusOrchid_sp	OrchisOrchid_sp_2007.118	OrchisOrchid_sp_2007.185	OrchisOrchid_sp_2007.212	OrchisOrchid_sp_2007.387	OrchisOrchid_sp_2007.95	Orchisoxlis_sp2	OxalisPillia_sp.	Billiathanmonchortus_sp_2007.4	ThamnochortusEricoid	EricoidesFicicnia_sp	FiciniaHermanthus_coxineus	Haemanthus_coccineusTretreria_sylvaticum	Tetraria_sylvaticaBulbania_sp1	BubaniaColopsis_sp	CalopsisColopsis_sp_2007.215	CalopsisChyronia_sp	AchyroniaEdenandra_sp1	AdenandraTretraria_sen....	TetrariaAthanasia_chrithmifolia	Athamanta_crithmifoliaCannamois_vagata	Cannomois_virgataErics__hispidula_alive	Erica_hispidula
Erics__hispidula_.alive.	Erica_hispidulaHemanthus_sp	HaemanthusIndigofora_sp	IndigoferaLechnalia.	LachenaliaPeucadanum_sp_2007.155	PeucedanumTriboliun_unioli	Tribolium_uniolaeWildenovia_glomera	Willdenowia_glomerataHelminthia_membranaceae	Hellmuthia_membranaceaMorea_tripatula	Moraea_tripetalaPentachistis_sp	PentaschistisPentashistis_sp	PentaschistisPentashistis_sp_2007.237	Pentaschistispentashistis_sp_2007.9	Pentaschistispentashistis_sp.	PentaschistisPlatycaulus_sp	PlatycaulisPlatycaulus_sp_2007.368	PlatycaulisThamnochortis_lucins.orenarius	ThamnochortusTracheandra_sp	TrachyandraTrachryandra_sp	TrachyandraOsteopermum_sp	OsteospermumAspalathus_chenpoda_dead	Aspalathus_chenopodaChyanathus_foviolatus	Chionanthus_foveolatusElegia_cf_colura_2007.388	Elegia_coleuraErica_plukenetti_alive	Erica_plukenetiiErica_plukenetti_dead	Erica_plukenetiiUrcinia_paleacea_daisy	Ursinia_paleaceaUrcinia_paleacea_.daisy.	Ursinia_paleaceaAsteraceae	AsteliaceaeEpilobium_tetragonium_ssp._Tetragonium	Epilobium_tetragonumEpilobium_tetragonium	Epilobium_tetragonumPodoliria_cericea	Podalyria_sericeaPsoraelia_pinata	Psoralea_pinnataAcacia_melanoxylon_31.2	Acacia_melanoxylonAcrosanthes_2007.179	AcrosanthesAcrosanthes_sp	AcrosanthesAdenandra_sp	AdenandraAdenandra_sp1	AdenandraAgathosma_sp	AgathosmaAgathosma_sp_2007.202	AgathosmaAgathosma_spp	AgathosmaAlbuca_sp	AlbucaAlbuca_spp	AlbucaAnaxeton_laevis	Anaxeton_laeveAndrocymbium_spp	AndrocymbiumAnthospermum_spp	AnthospermumAnthospermum_spp.	AnthospermumApiaceae_sp_2007.149	ApiaceaeApiaceae_sp.adenocline	ApiaceaeAristea_sp	AristeaAristea_spp	AristeaAspalathus_grey_green	AspalathusAspalathus_grey.green	AspalathusAspalathus_long_peduncle	Aspalathus
Aspalathus_long	AspalathusAspalathus_silver	AspalathusAspalathus_ericifolia_dead	Aspalathus_ericifoliaAspalathus_ericifolia_2007.207	Aspalathus_ericifoliaAspalathus_ericifolia_ssp._Ericifolia	Aspalathus_ericifoliaAspalathus_sp	AspalathusAspalathus_sp_2007.207	AspalathusAspalathus_spp	AspalathusAspalathus_spp.	AspalathusAsparagus_sp	AsparagusAsparagus_sp.	AsparagusAsparagus_spp	AsparagusAvena_seteva	Avena_sativaAvinia_fatua	Avena_fatuaBabiana_sp	BabianaBabiana_sp_2007.65	BabianaBabiana_sp.	BabianaBabiana_spp	BabianaBobartia_spp	BobartiaBobartia_spp.	BobartiaBrizor_minor	Briza_minorBulbine_sp	BulbineBulbine_spp	BulbineCassine_maritima._robsonodendron	CassineCassytha_ciliolata_dead	Cassytha_ciliolataCentella_affinis_2007.119	Centella_affinisCentella_spp	CentellaCleretum_spp	CleretumCliffortia_sp	Cliffortiacliffortia_sp.	CliffortiaCliffortia_sp1	CliffortiaCliffortia_sp2	CliffortiaCliffortia_spp	CliffortiaCliffortia_stricta_alive	Cliffortia_strictaCliffortia_stricta_dead	Cliffortia_strictaClutia_spp	ClutiaCorymbium_spp	CorymbiumCrassula_sp	CrassulaCrassula_sp_2007.122	Crassulacyclopia_2007.190	CyclopiaCyclopia_sp	CyclopiaCyperaceae01	CyperaceaeCyperaceae02	CyperaceaeCyperaceae03	CyperaceaeCyperaceae04	CyperaceaeCyperaceae1	CyperaceaeCyperaceae2	CyperaceaeCyperaceae3	CyperaceaeCyperaceae4	CyperaceaeCyperus_denudatus_._trangular_stemmed_sedge	Cyperus_denudatusCyperus_denudatus_._.trangular_stemmed_sedge.	Cyperus_denudatusCyphia_sp_2007.11	CyphiaDiascia_spp	DiasciaDiosma_spp	DiosmaDisa_spp	DisaDischisma_spp	DischismaDrimia_sp	DrimiaDrimia_spp	DrimiaEhrharta__sp_2007.406	EhrhartaEhrharta_calycina_dead	Ehrharta_calycinaEhrharta_sp_2007.149	EhrhartaEhrharta_spp	EhrhartaElegia_ebracteata_alive	Elegia_ebracteataElegia_ebracteata_dead	Elegia_ebracteataElegia_sp	ElegiaElegia_spp	ElegiaElytropappus_scaber_dead	Elytropappus_scaberEpischoenus_spp	EpischoenusEPISCHOENUS_SPP	EpischoenusEpischoenus_villosus_2007.166	Epischoenus_villosusEragrostis_spp	EragrostisErepsia_bracteata_2007.198	Erepsia_bracteataErepsia_sp	ErepsiaErepsia_sp1	ErepsiaErepsia_sp2	ErepsiaErepsia_sp3	ErepsiaErepsia_spp	ErepsiaErepsia_spp.	ErepsiaErica_cf_imbricata_200.	Erica_imbricataErica_hirta_alive	Erica_hirtaErica_hirta	Erica_hirtaErica_hirtiflora_dead	Erica_hirtifloraErica_hispidula_dead	Erica_hispidulaErica_nudiflora_dead	Erica_nudifloraerica_sp	EricaErica_sp	EricaErica_sp_dead	EricaErica_sp_1	EricaErica_sp_2007.177	EricaErica_sp_2007.30	EricaErica_sp_2007.355	EricaErica_sp_2007.373	EricaErica_sp_2007.402	EricaErica_sp_2007.99	EricaErica_sp_cf_parviflora	Erica_parvifloraErica_sp.	EricaErica_sp1	EricaErica_sp1_2007.373	EricaErica_sp2	EricaErica_sp2_2007.375	EricaErica_sp3	EricaErica_sp4	EricaErica_sp5	EricaErica_sp6	EricaErica_sp7	EricaErica_sp8	EricaErica_sp9	EricaErica_spp	EricaErica_spp.	EricaEricas	EricaEriospermum_sp.	EriospermumErodium_spp	ErodiumEucalyptus_.blue_gum.	EucalyptusEucalyptus_blue_gum	EucalyptusEucalyptus_sp	EucalyptusEucalyptus_sp_Bluegum	EucalyptusEucalyptus_spp	EucalyptusEuphorbia_spp	EuphorbiaEuryops_abrotanifolius_dead	Euryops_abrotanifoliusFelicia_sp	FeliciaFelicia_tenella_ssp._Tenella	Felicia_tenella
Felicia_tenella	Felicia_tenellaFerraria_spp	FerrariaFicinia_anceps_dead	Ficinia_ancepsFicinia_indica_2007.127	Ficinia_indicaFicinia_oligantha_filiformis	Ficinia_oliganthaficinia_sp	FiciniaFicinia_sp	FiciniaFicinia_sp_1	FiciniaFicinia_sp.	FiciniaFicinia_sp1	FiciniaFicinia_sp2	FiciniaFicinia_spp	FiciniaFicinia_spp1	FiciniaGazania_spp	GazaniaGerbera_sp	GerberaGerbera_spp	GerberaGladiolus_sp	GladiolusGladiolus_sp_2007.125	GladiolusGladiolus_sp.	GladiolusGladiolus_spp	GladiolusGnidia_sp_2007.148	GnidiaGnidia_spp	GnidiaHeliophila_sp	HeliophilaHeliophila_spp	HeliophilaHermannia_sp	HermanniaHermannia_spp	HermanniaHolothrix_spp	HolothrixHypericum_spp	Hypericumindigofera_sp	IndigoferaIndigofera_sp	IndigoferaIndigofera_spp	IndigoferaIridaceae01	IridaceaeIsolepis_sp	IsolepisIxia_sp	IxiaIxia_spp	IxiaLachenalia_sp	LachenaliaLachenalia_sp.	LachenaliaLachenalia_spp	LachenaliaLachnaea_sp	LachnaeaLampranthus__sp	LampranthusLampranthus_sp	LampranthusLampranthus_sp_4923	LampranthusLampranthus_sp_.4923	LampranthusLampranthus_sp_4924	LampranthusLampranthus_sp_.4924	LampranthusLampranthus_sp2	LampranthusLampranthus_spp	LampranthusLebeckia_spp	LebeckiaLessertia_spp	LessertiaLeucadendron_laureolum_alive	Leucadendron_laureolumLeucadendron_laureolum_dead	Leucadendron_laureolumLeucadendron_spp	LeucadendronLeucospermum_spp	LeucospermumLinum_sp	LinumLinum_spp	LinumLiparia_spp	LipariaLobelia_sp_2007.160	LobeliaLobelia_sp2	LobeliaLobelia_spp	LobeliaLobostemon_montanus_dead	Lobostemon_montanusLobostemon_spp	LobostemonLolium_spp	LoliumMacrostylis_villosa_ssp._Villosa	Macrostylis_villosaMastersiella_digitata_dead	Mastersiella_digitataMetalaisa_compacta	Metcalfia_compactaMetalasia_densa_alive	Metalasia_densaMetalasia_densa_dead	Metalasia_densaMetalasia_muricata_lg	Metalasia_muricataMetalasia_sp	MetalasiaMetalasia_spp	MetalasiaMicrocodon_spp.	MicrocodonMicrodon_dubia	Microdon_dubiusMicrodon_spp	MicrodonMonopsis_spp	MonopsisMoraea_sp	MoraeaMoraea_spp	MoraeaMorea_hexaglotus	Moraea_hexaglottisMorella_spp	MorellaMuraltia__sp_lime_green	MuraltiaMuraltia__sp_.lime_green.	MuraltiaMuraltia_sp	MuraltiaMuraltia_sp_resprouter	MuraltiaMuraltia_sp_.resprouter	MuraltiaMuraltia_sp_2007.138	MuraltiaMuraltia_sp_2007.218	MuraltiaMuraltia_sp.1	MuraltiaMuraltia_sp1	MuraltiaMuraltia_spp	MuraltiaNemesia_sp	NemesiaNemesia_sp2	NemesiaNemesia_spp	NemesiaOlea_europaea_ssp._Africana	Olea_europaeaOrnithogalum_sp	OrnithogalumOrnithogalum_spp	OrnithogalumOthonna_spp	Othonnaoxalis_sp	OxalisOxalis_sp	Oxalisoxalis_sp_1	OxalisOxalis_sp_1	OxalisOxalis_sp_2	OxalisOxalis_sp_2_thin_leaf	OxalisOxalis_sp_2007.63	OxalisOxalis_sp_3	OxalisOxalis_sp_4	OxalisOxalis_sp_5	Oxalisoxalis_sp.	OxalisOxalis_sp.	OxalisOxalis_sp._3	OxalisOxalis_sp._4	Oxalisoxalis_sp1	OxalisOxalis_sp1	OxalisOxalis_sp2	Oxalisoxalis_sp4	OxalisOxalis_sp4	OxalisOxalis_sp5	OxalisOxalis_spp	OxalisPasserina_paleacea_dead	Passerina_paleaceaPasserina_spp	PasserinaPelargonium_sp	PelargoniumPelargonium_sp_ground	PelargoniumPelargonium_sp_.ground	PelargoniumPelargonium_sp2	PelargoniumPelargonium_spp	PelargoniumPellaea_sp	PellaeaPentameris__sp	PentamerisPentameris_tiny_blom	PentamerisPentameris_.tiny_blom.	PentamerisPentameris_sp	PentamerisPentaschistis_spp	PentaschistisPeucedanum_spp	PeucedanumPeucedanum_spp.	PeucedanumPharnaleum_linearis	Pharnaceum_linearePhylica_ericoides_dead	Phylica_ericoidesPhylica_sp	PhylicaPhylica_sp_1	PhylicaPhylica_sp1	PhylicaPhylica_spp	PhylicaPhyllopodium_spp	PhyllopodiumPhytolacca_spp	PhytolaccaPinus_sp	PinusPinus_spp	PinusPlatycaulos_sp_2007.368	PlatycaulosPoaceae01	PoaceaePoaceae02	PoaceaePolygala_spp	PolygalaProtea_spp	ProteaProtea_spp.	ProteaPsoedoselago_sparia	Pseudoselago_spuriaPteridium_aquilinum_ssp._Aquilinum	Pteridium_aquilinumRestio_perplexus_28.3	Restio_perplexusRestio_sp	RestioRestio_sp__2007.86	RestioRestio_sp_same_35	RestioRestio_sp_.same_35	RestioRestio_sp_2007.236	RestioRestio_sp_2007.369	RestioRestio_sp_2007.408	RestioRhoicissus_spp	RhoicissusRoella_sp	RoellaRoella_sp1	RoellaRoella_sp2	RoellaRoella_spp	RoellaRoella_spp1	RoellaRomulea_spp	RomuleaRomulya_plava	Romulea_flavaRubus_spp	RubusRumex_spp	RumexSamolus_spp	SamolusSatyrium_spp	SatyriumSebaea_sp_2007.193	SebaeaSelago_spp	SelagoSenecio_elegans_dead	Senecio_elegansSenecio_sp	SenecioSenecio_spp	SenecioSideroxylem_inerve	Sideroxylon_inermeSilene_spp	SileneSolanum_sp	SolanumSolanum_spp	SolanumSpiloxene_spp	SpiloxeneStaberoha_sp	StaberohaStoebe_spp	StoebeStoebe_vestita	Stilbe_vestitaStruthiola_ciliata_._S.argentium	Struthiola_ciliataStruthiola_sp	StruthiolaStruthiola_spp	StruthiolaSutera_sp	SuteraSutera_spp	SuteraSutera_spp.	SuteraSyncarpha_sp	SyncarphaSyncarpha_sp_spiciosisima.	SyncarphaSyncarpha_speciosissima_dead_finished	Syncarpha_speciosissimaSyncarpha_speciosissima_.dead_finished	Syncarpha_speciosissimaTetraria_2007.113	TetrariaTetraria_sp	TetrariaTetraria_sp_2007.178	TetrariaTetraria_sp_2007.32	TetrariaTetraria_sp_2007.396	TetrariaTetraria_spp	TetrariaThamnochortus_2007.101	ThamnochortusThamnochortus_2007.34	ThamnochortusThamnochortus_areanarius.lucins	ThamnochortusThamnochortus_areanaruis.lucins	ThamnochortusThamnochortus_sp	ThamnochortusThamnochortus_spp	ThamnochortusThereianthus_spp	ThereianthusThesium_sp	ThesiumThesium_sp_2007.176	ThesiumThesium_sp_2007.182	ThesiumThesium_sp_2007.229	ThesiumThesium_sp_2007.23.3	ThesiumThesium_sp1	ThesiumThesium_spp	ThesiumThesium_strictum_dead	Thesium_strictumTrachyandra_2007.182	Trachyandratrachyandra_sp	TrachyandraTrachyandra_sp	TrachyandraTrachyandra_sp1_diff_from_above.	TrachyandraTrachyandra_sp1_.diff_from_above..	TrachyandraTrachyandra_sp2	TrachyandraTrachyandra_spp	TrachyandraTretreria_salvatica	Tetraria_sylvaticaTritoniopsis_sp	TritoniopsisTritoniopsis_spp	TritoniopsisWachendorfia_spp	WachendorfiaWahlenbergia_spp	WahlenbergiaWatsonia_sp	WatsoniaWatsonia_spp	WatsoniaWatsonia_tabularis_dead	Watsonia_tabularisWilldenowia_spp	WilldenowiaZaluzianskya_spp	ZaluzianskyaZygophyllum_spp	ZygophyllumHebenstreita_spp	HebenstreitaCotula_spp	CotulaHebenstreitia_spp	HebenstreitiaHelichrysum_2007.214	HelichrysumHelichrysum_sp	HelichrysumHelichrysum_sp_2007.201	HelichrysumHelichrysum_sp_2007.234	HelichrysumHelichrysum_sp_2007.235	HelichrysumHelichrysum_sp1	HelichrysumHelichrysum_spp	HelichrysumHelichrysum_spp01	HelichrysumHELICHRYSUM_SPP01	HelichrysumIschyrolepis_sp	IschyrolepisIschyrolepis_spp	IschyrolepisMorea_sp	MoreaMorea_sp_2007.157	MoreaOsteospermum_sp	OsteospermumSatirium_sp	SatiriumSonchus_spp	SonchusUrsinia_sp	UrsiniaUrsinia_sp_2007.24	UrsiniaUrsinia_spp	UrsiniaWildenowia_spp	WildenowiaErica_diosma	Erica_didymaIschyrolepis_tenuissima_2007.175	Ischyrolepis_tenuissimaIschyrolepis_tenuissima_2007.407	Ischyrolepis_tenuissimaMetelasia_muricata	Mertensia_muricataScirpoides_thunbergii_5.2	Scirpoides_thunbergiiAspalathus_lignosus	Asparagus_lignosusIndogofera_cyticodes	Indigofera_cytisoidesMicrodon_glomeratum	Microcodon_glomeratusTachyandra_tabulare	Trachyandra_tabularisTrachryandra_tabulare	Trachyandra_tabularisTricogini_ambigua	Trichogyne_ambiguaPentashistis_maluensis	Pentaschistis_meruensisTaraxicum_oficiale	Taraxacum_officinaleAmphithalae_ericifolia	Amphithalea_ericaefoliaAmphithalia_ericifolia	Amphithalea_ericaefoliaAmpithalea_ericifolia	Amphithalea_ericaefoliaAnaexeton_laevae	Anaxeton_laeveAnexeton_laevae	Anaxeton_laeveCoella_cilliata	Roella_ciliataHelichrysum_indica	Helichrysum_indicumHelmunthia_membranaceae	Hellmuthia_membranaceaLiparia_tristes	Linaria_tristisMicrodon_sparsiflorum	Microcodon_sparsiflorusPennecetum_clandestynum	Pennisetum_clandestinumRafnis_trifolra	Rafnia_trifloraThamnochortus_eruptus	Thamnochortus_erectusTrycocephalus	TrichocephalusAsphalathus_devoricata	Aspalathus_divaricataPhylica_filiformis	Phyla_filiformisChaenostoma_hispida	Chaenostoma_hispidumFabaceae	FagaceaeGladilous_debilus	Gladiolus_debilisLeucadendron_saligna	Leucadendron_salignumOsteospernum_poligoloides	Osteospermum_polygaloidesOxalis_perperea	Oxalis_purpureaPhylica_imbarbus	Phylica_imberbisStenotaphron_secondatum	Stenotaphrum_secundatumTherianthus_bracteolus	Thereianthus_bracteolatusMerxmuellera_ruta	Merxmuellera_rufaSilene_beloides	Silene_bryoidesCapelio_tabulare	Capelio_tabularisEuphorbia_tuberosum	Euphorbia_tuberosaEuphorbia_turbirosa	Euphorbia_tuberosaLeucadendron_lauriloum	Leucadendron_laureolumLobostomon_montans	Lobostemon_montanusMimetis_fimbrifolius	Mimetes_fimbriifoliusMuraltea_histeria	Muraltia_heisteriaMuraltea_thumbergii	Muraltia_thunbergiiPentashistis_aristoides	Pentaschistis_aristidoidesPentashistis_malouinsis	Pentaschistis_malouinensisPodylaria_calyptrata	Podalyria_calyptrataStruthiola_argenteus	Struthiola_argenteaThamnochortus_aronareus	Thamnochortus_arenariusTrachyandra_tabulare	Trachyandra_tabularisTritoniopsis_antheliza	Tritoniopsis_antholyzaTritoniopsis_anthoriza	Tritoniopsis_antholyzaWatsonia_tabularae	Watsonia_tabularisWatsonia_tabulare	Watsonia_tabularisRobsonodendron_maritanum	Robsonodendron_maritimumAlciope_tabulare	Alciope_tabularisEhrhata_rehamanii_subsp_subspicata	Ehrharta_rehmannii_subsp._subspicataAspalathus_liguilobia	Aspalathus_linguilobaCapebolus_brevicaulus	Capeobolus_brevicaulisCarpococe_vaginallata	Carpacoce_vaginellataCaryx_clavata	Carex_clavataCrassula_camprestis	Crassula_campestrisCrasula_fasicularis	Crassula_fascicularisCythacoma_hexandra	Cyathocoma_hexandraEpischoenis_gracilus	Epischoenus_gracilisErica_hispidulum	Erica_hispidulaErica_plukinetti	Erica_plukenetiiGalium_tomentosa	Galium_tomentosumGnidia_pinifolius	Gnidia_pinifoliaHellunthia_membranacea	Hellmuthia_membranaceaHelmunthia_membranacea	Hellmuthia_membranaceaHemanthus_coccinous	Haemanthus_coccineusOxalis_pescapri	Oxalis_pes.capraePasserina_corymbosum	Passerina_corymbosaPenesetum_macrourum	Pennisetum_macrourumPennesitum_clandestinum	Pennisetum_clandestinumPennesitum_macrourum	Pennisetum_macrourumPentachistis_barbarta	Pentaschistis_barbataProtea_scollimacephala	Protea_scolymocephalaSenecio_pinifolia	Senecio_pinifoliusTetragonia_fruticosus	Tetragonia_fruticosaTetraria_pleistacha	Tetraria_pleostichaThamnochortis_gracilus	Thamnochortus_gracilisThamnochortus_areanaruis	Thamnochortus_arenariusThamnochorus_gracilus	Thamnochortus_gracilisThamnoschortus_gracilus	Thamnochortus_gracilisTracheandra_tabularus_.	Trachyandra_tabularisTrintoniopsis_tritisea	Tritoniopsis_triticeavalerophyton_dealbatum	Vellereophyton_dealbatumAgathulpus_dubia	Agathelpis_dubiaHalea_drupacea	Hakea_drupaceaBolusatra_betuminosa	Bolusafra_bituminosaIschyrolepis_tenusima	Ischyrolepis_tenuissimaLobelia_echinoides	Lobelia_erinoidesTrifolium_angustifolia_var._angustifolia	Trifolium_angustifolium_var._angustifoliumTrifolium_angustifolia	Trifolium_angustifoliaAnaxeton_laevae	Anaxeton_laeveAndrocimbium_ucomoides	Androcymbium_eucomoidesAnthospermum_aethiopica	Anthospermum_aethiopicumApocanaceae	ApocynaceaeAspalathus_ericifolium	Aspalathus_ericifoliaAspalathus_ericifolius	Aspalathus_ericifoliaAsparagus_asperacoides	Asparagus_asparagoidesBrizia_maxima	Briza_maximaCaesa_contorta	Caesia_contortaCapnophyllum_macrocarpa	Capnophyllum_macrocarpumCapnophyllum_macrocarpa..	Capnophyllum_macrocarpumClutia_alatanoides	Clutia_alaternoidesClutia_polygaloides	Clutia_polygonoidesCussonia_thyrsifera	Cussonia_thyrsifloraCypha_digitata	Cyphia_digitataCyplia_digitata	Cyphia_digitataDrosanthermun_stokoei	Drosanthemum_stokoeiEdmondia_sessimoides	Edmondia_sesamoidesElinum_africanum	Linum_africanumErica_hirsutiflora	Erica_hirtifloraErica_mimosa	Erica_limosaErica_pluckenerii	Erica_plukenetiiFicinia_brevifolius	Ficinia_brevifoliaFicinia_nigrescence	Ficinia_nigrescensFicinia_ramossima	Ficinia_ramosissimaFicinia_ramossisma	Ficinia_ramosissimaGladiolus_brevifolia	Gladiolus_brevifoliusHelichrysum_nivium	Helichrysum_niveumHermus_villosa	Hermas_villosaHypodiscus_wildenovia	Hypodiscus_willdenowiaLobelia_camosa	Lobelia_comosaMetalasia_brevifolius	Metalasia_brevifoliaMicrodon_dubium	Microdon_dubiusMimetes_fibrifolius	Mimetes_fimbriifoliusMorea_bituminosa	Moraea_bituminosaMorea_fugax	Moraea_fugaxMorea_virgata	Moraea_virgataMuraltia_saturoides	Muraltia_satureioidesOsteospernum_polyganoides	Osteospermum_polygaloidesPenea_cneorum	Penaea_cneorumPenea_mucronata	Penaea_mucronataPentachisis_curvifolia	Pentaschistis_curvifoliaPentaschistis_aristoides	Pentaschistis_aristidoidesPentaschistis_malouensis	Pentaschistis_malouinensisPhylica_dioca	Phylica_dioicaPterygodium_acutifolia	Pterygodium_acutifoliumStaberoha_curnua	Staberoha_cernuaSyncarpha_speciossima	Syncarpha_speciosissimaSyphia_digitata	Cyphia_digitataTetraria_exima	Tetraria_eximiaTetraria_pleiostacha	Tetraria_pleostichaThamnocortus_areanarius	Thamnochortus_arenariusTricocephalus_stipularus	Trichocephalus_stipularisTrioniopsis	TritoniopsisVellerophyton_deabatum	Vellereophyton_dealbatumWachendorphia_paniculata	Wachendorfia_paniculataWildenovia_glomerata	Willdenowia_glomerataPelargonium_latum	Pelargonium_alatumProtea_lepidocarp	Protea_lepidocarponWildenovia	WilldenoviaAnneshoriza_hirsuta	Annesorhiza_hirsutaEhrharta_rehamanii_subsp_subspicata	Ehrharta_rehmannii_subsp._subspicataEhrharta_ruprestis_ssp_tricostata	Ehrharta_rupestris_subsp._tricostataErica_dicora	Erica_decoraFicinia_tenuifolius	Ficinia_tenuifoliaIschyrolepis_tenuissimus	Ischyrolepis_tenuissimaKnowltonia_vesicatona	Knowltonia_vesicatoriaMerxmulera_rufa	Merxmuellera_rufaMerxmulera_stricta	Merxmuellera_strictaPentameris_curvifolius	Pentameris_curvifoliaStoeb_cinerea	Stoebe_cinereasutrea_hispida	Sutera_hispidaAgathosma_imbricara	Agathosma_imbricataAgathosoma_imbricata	Agathosma_imbricataAlbuca_cooperii	Albuca_cooperiAnagellis_arvensis	Anagallis_arvensisAristea_spiralus	Aristea_spiralisAspalathus_chenpoda	Aspalathus_chenopodaAspalathus_forbesi	Aspalathus_forbesiiAsparagus_sauveolens	Asparagus_suaveolensAthansia_crithmifolia	Athanasia_crithmifoliacannamois_virgata	Cannomois_virgataCannamois_virgata	Cannomois_virgataCannomois_vargata	Cannomois_virgataCapebolus_brevicaulis	Capeobolus_brevicaulisCasmanthe_aethiopica	Chasmanthe_aethiopicaCassine_perugua	Cassine_peraguaCassytha_cilliolata	Cassytha_ciliolataCatapodium_rgidum	Catapodium_rigidumchrysanthemoides_monolifera	Chrysanthemoides_moniliferaChrysanthemoides_monolifera	Chrysanthemoides_moniliferaCinereria_geifolia	Cineraria_geifoliaCliffortia_atratra	Cliffortia_atrataCliffortia_filiffolia	Cliffortia_filifoliaClifortia_filifolia	Cliffortia_filifoliaCrassula_nudicaulos	Crassula_nudicaulisCullimia_setosa	Cullumia_setosaCythocoma_hexandra	Cyathocoma_hexandraDiastella_divericata	Diastella_divaricataDilateris_pillansii	Dilatris_pillansiiDilateris_viscosa	Dilatris_viscosaDilatris_pilansii	Dilatris_pillansiiDipogon_lignosis	Dipogon_lignosusDisa_braceata	Disa_bracteataDisa_braceata.	Disa_bracteataDrosanthemum_stokei	Drosanthemum_stokoeiEhrharta_calacina	Ehrharta_calycinaEhrharta_calicina	Ehrharta_calycinaEhrhata_calycina	Ehrharta_calycinaEhrhata_villosa	Ehrharta_villosaElegia_ebractata	Elegia_ebracteataElegia_stipularus	Elegia_stipularisElegia_thysifera	Elegia_thyrsiferaErica_abientina	Erica_abietinaErica_carifolia	Erica_corifoliaErica_cocinea	Erica_coccineaerica_hertiflora	Erica_hirtifloraErica_multumbilifera	Erica_multumbelliferaErica_plukeneti	Erica_plukenetiiErica_plukenetti	Erica_plukenetiiErica_plukinetii	Erica_plukenetiiEriospermum_capens	Eriospermum_capenseEucalyptus_lehmanii	Eucalyptus_lehmanniiEuriops_abrotanifolius	Euryops_abrotanifoliusFicina_anceps	Ficinia_ancepsFicina_indica	Ficinia_indicaFicina_nigrescens	Ficinia_nigrescensFicinia_accuminata	Ficinia_acuminataFicinia_trichoides	Ficinia_trichodesFicinia_zeyherii	Ficinia_zeyheriFicinis_zeyheri	Ficinia_zeyheriFicnia_bulbosa	Ficinia_bulbosaFincinia_angustifolia	Ficinia_angustifoliaFumaris_muralis	Fumaria_muralisGazania_crebsiana	Gazania_krebsianaGnidia_humilus	Gnidia_humilisHakea_suaviolens	Hakea_suaveolensHeliophyla_elongata	Heliophila_elongataHelipterum_speciosissima	Helipterum_speciosissimumHermania_hyssopifolia	Hermannia_hyssopifoliaHermania_multiflora	Hermannia_multifloraHermania_rudis	Hermannia_rudisHermannia_flamula	Hermannia_flammulaHermannia_flamula.	Hermannia_flammulaHermannis_flammea	Hermannia_flammeaHolothirx_villosa	Holothrix_villosaHolothix_villosa	Holothrix_villosaHolothrix_villosa______	Holothrix_villosaHolothrix_vilosa	Holothrix_villosaIndogofera_glomerata	Indigofera_glomerataIsolepis_antartica	Isolepis_antarcticaKoelaria_capensis	Koeleria_capensisLactuca_seriola	Lactuca_serriolaLagorus_ovatus	Lagurus_ovatusLapeirousia_corymboza	Lapeirousia_corymbosaLobelia_cetacea	Lobelia_setaceaLobostomon_fruticosus	Lobostemon_fruticosusLobostomon_montanus	Lobostemon_montanusLolium_perene	Lolium_perenneMacrostylis_vilosa	Macrostylis_villosaMelinus_repens	Melinis_repensMicranthus_juncus	Micranthus_junceusMicrodon_dubiusm	Microdon_dubiusMontinia_caryphyllaceae	Montinia_caryophyllaceaMuraltia_histeria	Muraltia_heisteriaMuraltia_thunbergia	Muraltia_thunbergiiMyatenus_oleoides	Maytenus_oleoidesOlea_europea	Olea_europaeaOlea_europaea	Olea_europaeaOlea_exaspirata	Olea_exasperataOtholobium_fruiticans	Otholobium_fruticansOthonna_quiquidentata	Othonna_quinquedentataPaspalum_disticum	Paspalum_distichumPasserina_palecea	Passerina_paleaceaPelargonium_captitatum	Pelargonium_capitatumPelargonium_chamaedrylifolium	Pelargonium_chamaedryfoliumPelargonium_cuculatum	Pelargonium_cucullatumPelargonium_culullatum	Pelargonium_cucullatumPelargonium_pinatum	Pelargonium_pinnatumPentaschistis_airodes	Pentaschistis_airoidesPeriscaria_decipiens	Persicaria_decipiensPetalacta_coronata	Petalacte_coronataPharnacum_elongatum	Pharnaceum_elongatumphylica_eracoides	Phylica_ericoidesPodalaria_calyptrata	Podalyria_calyptrataPodalyria_sericia	Podalyria_sericeaPolygala_myrifolia	Polygala_myrtifoliaPrinzia_aromatica	Printzia_aromaticaProtea_cynaroids	Protea_cynaroidesProtea_nerifolia	Protea_neriifoliaPycerus_polystachyos	Pycreus_polystachyosRestio_gaudichaudiana	Restio_gaudichaudianusRestio_triticens	Restio_triticeusRoella_cilliata	Roella_ciliataRomelea_flava	Romulea_flavaRuchia_sarmentosa	Ruschia_sarmentosaSalvia_africana.caerula	Salvia_africana.caeruleaSchizea_pectinata	Schizaea_pectinataSelago_dregeii	Selago_dregeiSenecio_burchelli	Senecio_burchelliiSenecio_pinulatus	Senecio_pinnulatusSenecio_pubigeris	Senecio_pubigerusSonchus_oleracens	Sonchus_oleraceusStavia_radiata	Staavia_radiatastipagrostis_zeyherii	Stipagrostis_zeyheriStipagrostis_zeyherii	Stipagrostis_zeyheriStruthiola_cilliata	Struthiola_ciliataStuthiola_dodecandra	Struthiola_dodecandraSynacarpha_speciosissima	Syncarpha_speciosissimaTertaria_compar	Tetraria_comparTetraria_bramoides	Tetraria_bromoidesTetraria_flexvosa	Tetraria_flexuosaThamnochortus_gracilus	Thamnochortus_gracilisThamnochortus_obstusus	Thamnochortus_obtususthesium_vigatum	Thesium_virgatumTodea_barbarta	Todea_barbaraTretraria_compar	Tetraria_comparTretraria_eximia	Tetraria_eximiaTretraria_sylvatica	Tetraria_sylvaticaTribolium_hisipidum	Tribolium_hispidumTribolium_uniole	Tribolium_uniolaeTriocephalus_stipularis	Trichocephalus_stipularisUrsinis_paleacea	Ursinia_paleaceaVellereophytum_dealbatum	Vellereophyton_dealbatumViscum_capens	Viscum_capenseWahlenbergia_obavata	Wahlenbergia_obovataWastonia_borbonica	Watsonia_borbonicawatsonia_barbonica	Watsonia_borbonicaWatsonia_barbonica	Watsonia_borbonicaWatsonia_borbonira	Watsonia_borbonicaWatsonia_corbonica	Watsonia_borbonicaZyrphellis_taxifolia	Zyrphelis_taxifoliaAcacia_saaligna	Acacia_salignaAspalathus_divericata	Aspalathus_divaricataBrunia_nudiflora	Brunia_nodifloraPsoracea_asarina	Psoralea_asarinaRhus_filiformes	Rhus_filiformisSilene_aethipica	Silene_aethiopicaVirgilla_oroboides	Virgilia_oroboidesBolusafra_bitominosa	Bolusafra_bituminosaChamaecyce_maculata	Chamaesyce_maculataColopsis_fruticosa	Calopsis_fruticosacolopsis_viminea	Calopsis_vimineaColopsis_viminea	Calopsis_vimineaCullumia_squarosa	Cullumia_squarrosaEpilobium_tetragonium_ssp._tetragonium	Epilobium_tetragonum_subsp._tetragonumErica_deacora	Erica_decoraErica_simils	Erica_similisIschyrolepis_eliocharis	Ischyrolepis_eleocharisIschyrolepis_sieberii	Ischyrolepis_sieberiPeucadanum_ferulaceum	Peucedanum_ferulaceumPicris_echiodes	Picris_echioidesRestio_ambigus	Restio_ambiguusStoebe_cynerea	Stoebe_cinereaAnnersorhiza_grandiflora	Annesorhiza_grandifloraAnnersorhiza_macrocarpa	Annesorhiza_macrocarpaAnthocortus_crinalis	Anthochortus_crinalisAnthospernum_aethiopicum	Anthospermum_aethiopicumAnthspermum_aethiopicum	Anthospermum_aethiopicumAspalalthus_capensis	Aspalathus_capensisAspalathus_linguilobia	Aspalathus_linguilobaAthospermum_aethiopicum	Anthospermum_aethiopicumBerzelia_abrontanoides	Berzelia_abrotanoidesBrassica_tournfortii	Brassica_tournefortiiChenpodium_glaucum	Chenopodium_glaucumChenpodium_mucronatum	Chenopodium_mucronatumChrysiocoma_ciliata	Chrysocoma_ciliataChrysithrix_capensis_var._subteres	Chrysitrix_capensis_var._subteresCliffortia_strobolifera	Cliffortia_strobiliferaClliffortia_stricta	Cliffortia_strictaClutia_alarternoides	Clutia_alaternoidesCrassula_fasicularis	Crassula_fascicularisCynanchum_obstusifolium	Cynanchum_obtusifoliumDiosma_oppisitifolia	Diosma_oppositifoliaEpischoenis_villosus	Epischoenus_villosusErica_multumbillifera	Erica_multumbelliferaErica_pluckenetii	Erica_plukenetiiFicinia_capilifolia	Ficinia_capillifoliaFicinia_ramossisima	Ficinia_ramosissimaGladiolus_brevifolus	Gladiolus_brevifoliusGladiolus_brivifolius	Gladiolus_brevifoliusGladiolus_revifolius	Gladiolus_brevifoliusGleichenia_polypodiodes	Gleichenia_polypodioidesGnidia_oppisitifolia	Gnidia_oppositifoliaHebenstreita_dentata	Hebenstretia_dentataHebenstreita_repens	Hebenstretia_repensHebenstreitia_cordata	Hebenstretia_cordataHebenstreitia_dentata	Hebenstretia_dentataHebenstreitia_fastigiosa	Hebenstretia_fastigiosaHebenstreitia_repens	Hebenstretia_repensHelichrysum_pangurifolium	Helichrysum_pandurifoliumHeliophilla_scoparia	Heliophila_scopariaHisteopteris_incisa	Histiopteris_incisaHypodiscus_wildenowia	Hypodiscus_willdenowiaHypodiscus_willdenowii	Hypodiscus_willdenowiaIndigofera_brachystachia	Indigofera_brachystachyaIndigofera_cystisoides	Indigofera_cytisoidesLaperousia_divaricata	Lapeirousia_divaricataLeacospermum_conocarpodendron	Leucospermum_conocarpodendronLebeckia_cystisoides	Lebeckia_cytisoidesLeucadendron_xanthoconas	Leucadendron_xanthoconusLeucodendron_laureolum	Leucadendron_laureolumLeucospernum_conocarpodendron	Leucospermum_conocarpodendronLichensteinia_lacera	Lichtensteinia_laceraLichtenstienia_lacera	Lichtensteinia_laceraMimetes_fimbrifolius	Mimetes_fimbriifoliusMmacrostylis_villosa	Macrostylis_villosaMontinia_caryophyllaceae	Montinia_caryophyllaceaMuraltia_stipulaceae	Muraltia_stipulaceaOthonna_quinquidentata	Othonna_quinquedentataPelargnium_triste	Pelargonium_tristePelargonium_grossulariodes	Pelargonium_grossularioidesPelargonium_grossularoides	Pelargonium_grossularioidesPentachistis_airoides	Pentaschistis_airoidesPentachistis_barbata	Pentaschistis_barbataPentaschitis_barbata	Pentaschistis_barbataPentashistis_barbata	Pentaschistis_barbataPentashistis_colorata	Pentaschistis_coloratapentashistis_curvifolia	Pentaschistis_curvifoliaPentashistis_curvifolia	Pentaschistis_curvifoliaPentashistis_pallida	Pentaschistis_pallidapentashistis_rigidissima	Pentaschistis_rigidissimaPentashistis_rigidissima	Pentaschistis_rigidissimaPseudognapalium_undulatum	Pseudognaphalium_undulatumPseudselago_serrata	Pseudoselago_serrataRapanea_melanophloes	Rapanea_melanophloeosRestio_cinlinnatus	Restio_cincinnatusSenecio_capiflorus	Senecio_scapiflorusSenecio_halmifolius	Senecio_halimifoliusSenecio_rosmainifolius	Senecio_rosmarinifoliusSenecio_scalpiflorus	Senecio_scapiflorusSideroxlon_inerme	Sideroxylon_inermeSilene_bellidiodes	Silene_bellidioidesStripagrostis_zeyheri	Stipagrostis_zeyheriStruthiolia_ciliata	Struthiola_ciliataSyncarpha_speciosissina	Syncarpha_speciosissimaSyncarpha_speciossisima	Syncarpha_speciosissimaTachyandra_hirsuta	Trachyandra_hirsutaThamnocortus_arenarius	Thamnochortus_arenariusThesium_veridifolium	Thesium_viridifoliumTracheandra_tabularis_.	Trachyandra_tabularisTrachyanadra_brachypoda	Trachyandra_brachypodaTricocephalus_stipularis	Trichocephalus_stipularisTritiniopsis_parviflora	Tritoniopsis_parvifloraTritoniopsis_ungicularis	Tritoniopsis_unguicularisTritoniopsis_ungulcularis	Tritoniopsis_unguicularisWalenbergia_obovata	Wahlenbergia_obovataWildenowia_glomerata	Willdenowia_glomerataWildenowia_incurvata	Willdenowia_incurvataWildenowia_teres	Willdenowia_teresWilldenovia_glomerata	Willdenowia_glomerataZantesdeschia_aethiopica	Zantedeschia_aethiopicaZygpphyllum_flexuosum	Zygophyllum_flexuosumAspalalthus_divaricata	Aspalathus_divaricataElegia_asperiifolia	Elegia_asperifoliaAnnersorhiza_hirsuta	Annesorhiza_hirsutaChondropetulum_ebracteatum	Chondropetalum_ebracteatumEhrharta_rehmanii_subsp_subspicata	Ehrharta_rehmannii_subsp._subspicataElytropappus_rhinocerotus	Elytropappus_rhinocerotisHelichrysym_vestitum	Helichrysum_vestitumIschyrolepis_gaudichandiana	Ischyrolepis_gaudichaudianaIschyrolepus_capensis	Ischyrolepis_capensisIschyroplepis_capensis	Ischyrolepis_capensisMerxmeullera_rufa	Merxmuellera_rufaOsmitopsis_astericoides	Osmitopsis_asteriscoidesOsteospermum_monoliferum	Osteospermum_moniliferumPseudognaphalium_luteo.album	Pseudognaphalium_luteoalbumAcacia_cyclops	Acacia_cyclopsAcacia_mearnsii	Acacia_mearnsiiAcacia_melanoxylon	Acacia_melanoxylonAcrolophia_capensis	Acrolophia_capensisAcrolophia_lamellata	Acrolophia_lamellataAdenandra_villosa	Adenandra_villosaAdenocline_pauciflora	Adenocline_paucifloraAgapanthus	AgapanthusAgapanthus_africanus	Agapanthus_africanusAgathosma_capensis	Agathosma_capensisAgathosma_ciliaris	Agathosma_ciliarisagathosma_imbricata	Agathosma_imbricataAgathosma_imbricata	Agathosma_imbricataAizoon_paniculatum	Aizoon_paniculatumAizoon_sarmentosum	Aizoon_sarmentosumAlbuca	AlbucaAlbuca_canadensis	Albuca_canadensisAlbuca_cooperi	Albuca_cooperiAlbuca_flaccida	Albuca_flaccidaAlectra_sessiliflora	Alectra_sessilifloraAmphithalea_ericifolia	Amphithalea_ericifoliaAnagallis_arvensis	Anagallis_arvensisAnaxeton_laeve	Anaxeton_laeveAndrocymbium_capense	Androcymbium_capenseAndrocymbium_eucomoides	Androcymbium_eucomoidesAnemone_vesicatoria	Anemone_vesicatoriaAnisodontea_scabrosa	Anisodontea_scabrosaAnnesorhiza_grandiflora	Annesorhiza_grandifloraAnnesorhiza_macrocarpa	Annesorhiza_macrocarpaAnthochortus_capensis	Anthochortus_capensisAnthochortus_crinalis	Anthochortus_crinalisAnthospermum_aethiopicum	Anthospermum_aethiopicumAnthospermum_bergianum	Anthospermum_bergianumAnthospermum_galioides	Anthospermum_galioidesApiaceae	ApiaceaeArctotheca_calendula	Arctotheca_calendulaArgyrolobium_filiforme	Argyrolobium_filiformeArgyrolobium_lanceolatum	Argyrolobium_lanceolatumaristea_africana	Aristea_africanaAristea_africana	Aristea_africanaAristea_capitata	Aristea_capitataAristea_cuspidata	Aristea_cuspidataAristea_dichotoma	Aristea_dichotomaAristea_spiralis	Aristea_spiralisAsclepiadaceae	AsclepiadaceaeAspalathus	AspalathusAspalathus_capensis	Aspalathus_capensisAspalathus_cephalotes	Aspalathus_cephalotesAspalathus_cephalotes_ssp_violacea	Aspalathus_cephalotes_subsp._violaceaAspalathus_cephalotes_ssp._violacea	Aspalathus_cephalotes_subsp._violaceaAspalathus_chenopoda	Aspalathus_chenopodaAspalathus_ciliaris	Aspalathus_ciliarisAspalathus_cordata	Aspalathus_cordataAspalathus_divaricata_ssp._divaricata	Aspalathus_divaricata_subsp._divaricataAspalathus_divaricata_ssp.divaricata	Aspalathus_divaricata_subsp._divaricataAspalathus_ericifolia	Aspalathus_ericifoliaAspalathus_ericifolia_ssp._ericifolia	Aspalathus_ericifolia_subsp._ericifoliaAspalathus_forbesii	Aspalathus_forbesiiAspalathus_hispida	Aspalathus_hispidaAspalathus_juniperina	Aspalathus_juniperinaAspalathus_linguiloba	Aspalathus_linguilobaAspalathus_microphylla	Aspalathus_microphyllaAspalathus_retroflexa_ssp._retroflexa	Aspalathus_retroflexa_subsp._retroflexa
Aspalathus_retroflexa	Aspalathus_retroflexaAsparagus_aethiopicus	Asparagus_aethiopicusAsparagus_africanus	Asparagus_africanusAsparagus_capensis	Asparagus_capensisasparagus_lignosus	Asparagus_lignosusAsparagus_lignosus	Asparagus_lignosusAsparagus_rubicundus	Asparagus_rubicundusAspidoglossum_heterophyllum	Aspidoglossum_heterophyllumAstephanus_triflorus	Astephanus_triflorusAthanasia_crithmifolia	Athanasia_crithmifoliaAthanasia_dentata	Athanasia_dentataAtriplex_semibaccata	Atriplex_semibaccataAvena_barbata	Avena_barbataAvena_fatua	Avena_fatuaAvena_sativa	Avena_sativaBabiana_ambigua	Babiana_ambiguaBaeometra_uniflora	Baeometra_unifloraBerkheya	BerkheyaBerkheya_armata	Berkheya_armataBerkheya_barbata	Berkheya_barbataBerkheya_rigida	Berkheya_rigidaBerzelia_abrotanoides	Berzelia_abrotanoidesberzelia_lanuginosa	Berzelia_lanuginosaBerzelia_lanuginosa	Berzelia_lanuginosaBerzelia_Lanuginosa	BerzeliaBlechnum_capense	Blechnum_capenseBlechnum_tabulare	Blechnum_tabulareBobartia_filiformis	Bobartia_filiformisBobartia_gladiata	Bobartia_gladiataBobartia_indica	Bobartia_indicaBrachypodium_distachyon	Brachypodium_distachyonBriza_maxima	Briza_maximaBriza_minor	Briza_minorBromus_diandrus	Bromus_diandrusBromus_pectinatus	Bromus_pectinatusBrunia_noduliflora	Brunia_nodulifloraBrunsvigia_orientalis	Brunsvigia_orientalisBulbine_lagopus	Bulbine_lagopusCaesia_contorta	Caesia_contortaCampanulaceae	CampanulaceaeCannomois_virgata	Cannomois_virgataCapelio_tabularis	Capelio_tabularisCapeobolus_brevicaulis	Capeobolus_brevicaulisCapnophyllum_africanum	Capnophyllum_africanumCarduus_pycnocephalus	Carduus_pycnocephalusCarduus_tenuiflorus	Carduus_tenuiflorusCarex_aethiopica	Carex_aethiopicaCarex_clavata	Carex_clavataCarpacoce_spermacocea	Carpacoce_spermacoceaCarpacoce_vaginellata	Carpacoce_vaginellataCarpobrotus_acinaciformis	Carpobrotus_acinaciformiscarpobrotus_edulis	Carpobrotus_edulisCarpobrotus_edulis	Carpobrotus_edulisCassine_maritima	Cassine_maritimaCassine_peragua	Cassine_peraguaCassytha_ciliolata	Cassytha_ciliolatacatapodium_rigidum	Catapodium_rigidumCatapodium_rigidum	Catapodium_rigidumCentella_affinis	Centella_affinisCentella_fusca	Centella_fuscaCentella_glabrata	Centella_glabrataCentella_macrocarpa	Centella_macrocarpaCentella_tridentata	Centella_tridentataCentella_triloba	Centella_trilobaCentella_villosa	Centella_villosaCerastium_capense	Cerastium_capenseCeratandra_atrata	Ceratandra_atrataChaenostoma_hispidum	Chaenostoma_hispidumChasmanthe_aethiopica	Chasmanthe_aethiopicaCheilanthes_capensis	Cheilanthes_capensisChionanthus_foveolatus	Chionanthus_foveolatusChironia	ChironiaChironia_baccifera	Chironia_bacciferaChironia_decumbens	Chironia_decumbensChironia_jasminoides	Chironia_jasminoidesChironia_linoides	Chironia_linoidesChrysanthemoides	ChrysanthemoidesChrysanthemoides_incana	Chrysanthemoides_incanaChrysanthemoides_monilifera	Chrysanthemoides_moniliferaChrysitrix_capensis	Chrysitrix_capensisChrysitrix_capensis_var._subteres	Chrysitrix_capensis_var._subteresChrysocoma_ciliata	Chrysocoma_ciliataChrysocoma_coma._aurea	Chrysocoma_coma.aureachrysocoma_coma.aurea	Chrysocoma_coma.aureaChrysocoma_coma.aurea	Chrysocoma_coma.aureaCineraria_geifolia	Cineraria_geifoliaCissampelos_capensis	Cissampelos_capensisCleretum_herrei	Cleretum_herreiCliffortia	CliffortiaCliffortia_atrata	Cliffortia_atrataCliffortia_falcata	Cliffortia_falcataCliffortia_filifolia	Cliffortia_filifoliaCliffortia_filifolia.	Cliffortia_filifoliaCliffortia_glauca	Cliffortia_glaucacliffortia_graminea	Cliffortia_gramineaCliffortia_graminea	Cliffortia_gramineaCliffortia_obcordata	Cliffortia_obcordataCliffortia_polygonifolia	Cliffortia_polygonifoliaCliffortia_ruscifolia	Cliffortia_ruscifoliaCliffortia_stricta	Cliffortia_strictaClutia_alaternoides	Clutia_alaternoidesClutia_ericoides	Clutia_ericoidesClutia_polygonoides	Clutia_polygonoidesColeonema_album	Coleonema_albumColpoon_compressum	Colpoon_compressumCommelina_africana	Commelina_africanaConyza_scabrida	Conyza_scabridaCorymbium_africanum	Corymbium_africanumCorymbium_enerve	Corymbium_enerveCorymbium_glabrum	Corymbium_glabrumCotula_turbinata	Cotula_turbinataCrassula_campestris	Crassula_campestrisCrassula_capensis	Crassula_capensisCrassula_coccinea	Crassula_coccineaCrassula_decumbens	Crassula_decumbensCrassula_dichotoma	Crassula_dichotomaCrassula_fascicularis	Crassula_fascicularisCrassula_glomerata	Crassula_glomerataCrassula_nudicaulis	Crassula_nudicaulisCrassula_tetragona	Crassula_tetragonaCullumia_decurrens	Cullumia_decurrensCullumia_setosa	Cullumia_setosaCuscuta_nitida	Cuscuta_nitidaCussonia_thyrsiflora	Cussonia_thyrsifloraCyanella_hyacinthoides	Cyanella_hyacinthoidesCyathocoma_hexandra	Cyathocoma_hexandraCymbopogon_marginatus	Cymbopogon_marginatusCynanchum_africanum	Cynanchum_africanumCynanchum_obtusifolium	Cynanchum_obtusifoliumCynodon_dactylon	Cynodon_dactylonCynosurus_echinatus	Cynosurus_echinatusCyperaceae	CyperaceaeCyperus_denudatus	Cyperus_denudatusCyperus_thunbergii	Cyperus_thunbergiicyphia_bulbosa	Cyphia_bulbosaCyphia_bulbosa	Cyphia_bulbosaCyphia_incisa	Cyphia_incisaDatura_stramonium	Datura_stramoniumDiascia_elongata	Diascia_elongataDiastella_divaricata	Diastella_divaricataDilatris_pillansii	Dilatris_pillansiiDilatris_viscosa	Dilatris_viscosaDimorphotheca_nudicaulis	Dimorphotheca_nudicaulisDimorphotheca_pluvialis	Dimorphotheca_pluvialisDiosma_hirsuta	Diosma_hirsutaDiosma_oppositifolia	Diosma_oppositifoliaDiospyros_glabra	Diospyros_glabraDipogon_lignosus	Dipogon_lignosusDisa_bracteata	Disa_bracteataDisa_Bracteata	DisaDisa_cornuta	Disa_cornutaDisa_densiflora	Disa_densifloraDisa_ferruginea	Disa_ferrugineaDisa_racemosa	Disa_racemosaDischisma_arenarium	Dischisma_arenariumDischisma_ciliatum	Dischisma_ciliatumDisparago_anomala	Disparago_anomalaDisparago_ericoides	Disparago_ericoidesDisparago_laxifolia	Disparago_laxifoliaDrimia_elata	Drimia_elataDrosanthemum_hispidum	Drosanthemum_hispidumDrosanthemum_stokoei	Drosanthemum_stokoeiDrosera_aliciae	Drosera_aliciaeDrosera_capensis	Drosera_capensisDrosera_cistiflora	Drosera_cistifloraDrosera_trinervia	Drosera_trinerviaEdmondia_sesamoides	Edmondia_sesamoidesEhrharta_bulbosa	Ehrharta_bulbosaEhrharta_calycina	Ehrharta_calycinaEhrharta_capensis	Ehrharta_capensisEhrharta_erecta	Ehrharta_erectaEhrharta_longifolia	Ehrharta_longifoliaEhrharta_ottonis	Ehrharta_ottonisEhrharta_ramosa	Ehrharta_ramosaEhrharta_setacea	Ehrharta_setaceaEhrharta_villosa	Ehrharta_villosaElegia_coleura	Elegia_coleuraElegia_deusta	Elegia_deustaElegia_ebracteata	Elegia_ebracteataElegia_filacea	Elegia_filaceaElegia_juncea	Elegia_junceaElegia_racemosa	Elegia_racemosaElegia_stipularis	Elegia_stipularisElegia_thyrsifera	Elegia_thyrsiferaElegia_vaginulata	Elegia_vaginulataElytropappus_scaber	Elytropappus_scaberEpilobium_tetragonum	Epilobium_tetragonumEpischoenus_gracilis	Epischoenus_gracilisEpischoenus_villosus	Epischoenus_villosusEragrostis_capensis	Eragrostis_capensisEragrostis_curvula	Eragrostis_curvulaErepsia	ErepsiaErepsia_anceps	Erepsia_ancepsErepsia_bracteata	Erepsia_bracteataErica_abietina	Erica_abietinaErica_abietina_subsp_atrorosea	Erica_abietina_subsp._atroroseaErica_amoena	Erica_amoenaErica_baccans	Erica_baccansErica_cerinthoides	Erica_cerinthoidesErica_coccinea	Erica_coccineaErica_corifolia	Erica_corifoliaErica_curviflora	Erica_curvifloraErica_ericoides	Erica_ericoidesErica_glabella	Erica_glabellaErica_hirtiflora	Erica_hirtifloraErica_hispidula	Erica_hispidulaErica_imbricata	Erica_imbricataErica_labialis	Erica_labialisErica_laeta	Erica_laetaErica_limosa	Erica_limosaErica_lutea	Erica_luteaErica_mammosa	Erica_mammosaErica_mucronata	Erica_mucronataErica_multiflora	Erica_multifloraErica_multumbellifera	Erica_multumbelliferaErica_muscosa	Erica_muscosaerica_nudiflora	Erica_nudifloraErica_nudiflora	Erica_nudifloraErica_physodes	Erica_physodesErica_plukenetii	Erica_plukenetiiErica_pulchella	Erica_pulchellaErica_sessiliflora	Erica_sessilifloraErica_subcapitata	Erica_subcapitataErica_tenuifolia	Erica_tenuifoliaErica_tristis	Erica_tristisErica_verticillata	Erica_verticillataErica_viscaria	Erica_viscariaErigeron_bonariensis	Erigeron_bonariensisEuclea_racemosa	Euclea_racemosaEuphorbia_erythrina	Euphorbia_erythrinaEuphorbia_foliosa	Euphorbia_foliosaEuphorbia_genistoides	Euphorbia_genistoidesEuphorbia_peplus	Euphorbia_peplusEuphorbia_silenifolia	Euphorbia_silenifoliaEuphorbia_tuberosa	Euphorbia_tuberosaEuryops_abrotanifolius	Euryops_abrotanifoliusEuryops_chrysanthemoides	Euryops_chrysanthemoidesFelicia_filifolia	Felicia_filifoliaFelicia_fruticosa	Felicia_fruticosaFelicia_fruticosa_ssp_fruticosa	Felicia_fruticosa_subsp._fruticosaFelicia_fruticosa_ssp._fruticosa	Felicia_fruticosa_subsp._fruticosaFestuca_scabra	Festuca_scabraFicinia_acuminata	Ficinia_acuminataFicinia_anceps	Ficinia_ancepsFicinia_angustifolia	Ficinia_angustifoliaFicinia_brevifolia	Ficinia_brevifoliaFicinia_bulbosa	Ficinia_bulbosaFicinia_capillifolia	Ficinia_capillifoliaFicinia_capitella	Ficinia_capitellaFicinia_deusta	Ficinia_deustaficinia_dunensis	Ficinia_dunensisFicinia_dunensis	Ficinia_dunensisFicinia_ecklonea	Ficinia_eckloneaFicinia_filiformis	Ficinia_filiformisFicinia_gracilis	Ficinia_gracilisFicinia_indica	Ficinia_indicaFicinia_indica.	Ficinia_indicaFicinia_lateralis	Ficinia_lateralisFicinia_nigrescens	Ficinia_nigrescensFicinia_nodosa	Ficinia_nodosaFicinia_oligantha	Ficinia_oliganthaFicinia_ramosissima	Ficinia_ramosissimaFicinia_rigida	Ficinia_rigidaFicinia_secunda	Ficinia_secundaFicinia_stolonifera	Ficinia_stoloniferaFicinia_tristachya	Ficinia_tristachyaFicinia_zeyheri	Ficinia_zeyheriFumaria_muralis	Fumaria_muralisGalium_tomentosum	Galium_tomentosumGazania_pectinata	Gazania_pectinataGeissorhiza_aspera	Geissorhiza_asperaGeochloa_rufa	Geochloa_rufaGeranium_incanum	Geranium_incanumGerbera_crocea	Gerbera_croceaGerbera_linnaei	Gerbera_linnaeiGladiolus_brevifolius	Gladiolus_brevifoliusGladiolus_carneus	Gladiolus_carneusGladiolus_undulatus	Gladiolus_undulatusGleichenia_polypodioides	Gleichenia_polypodioidesGlia_prolifera	Glia_proliferaGnidia_humilis	Gnidia_humilisGnidia_imbricata	Gnidia_imbricataGnidia_juniperifolia	Gnidia_juniperifoliaGnidia_parviflora	Gnidia_parvifloraGnidia_pinifolia	Gnidia_pinifoliaGnidia_tenella	Gnidia_tenellaGnidia_tomentosa	Gnidia_tomentosaGomphocarpus_cancellatus	Gomphocarpus_cancellatusGymnosporia_buxifolia	Gymnosporia_buxifoliaHaemanthus_coccineus	Haemanthus_coccineusHakea_gibbosa	Hakea_gibbosaHakea_sericea	Hakea_sericeaHalleria_lucida	Halleria_lucidaHaplocarpha_lanata	Haplocarpha_lanataHebenstretia_cordata	Hebenstretia_cordataHebenstretia_dentata	Hebenstretia_dentataHebenstretia_fastigiosa	Hebenstretia_fastigiosaHebenstretia_repens	Hebenstretia_repensHelichrysum_capense	Helichrysum_capenseHelichrysum_cylindriflorum	Helichrysum_cylindriflorumHelichrysum_dasyanthum	Helichrysum_dasyanthumHelichrysum_foetidum	Helichrysum_foetidumHelichrysum_grandiflorum	Helichrysum_grandiflorumHelichrysum_indicum	Helichrysum_indicumHelichrysum_litorale	Helichrysum_litoraleHelichrysum_niveum	Helichrysum_niveumHelichrysum_nudifolium	Helichrysum_nudifoliumHelichrysum_pandurifolium	Helichrysum_pandurifoliumHelichrysum_petiolare	Helichrysum_petiolareHelichrysum_rotundifolium	Helichrysum_rotundifoliumHelichrysum_tinctum	Helichrysum_tinctumHeliophila_africana	Heliophila_africanaHeliophila_elongata	Heliophila_elongataHeliophila_linearis	Heliophila_linearisHeliophila_scoparia	Heliophila_scopariaHellmuthia_membranacea	Hellmuthia_membranaceaHemimeris_sabulosa	Hemimeris_sabulosaHermannia_flammea	Hermannia_flammeaHermannia_hyssopifolia	Hermannia_hyssopifoliaHermannia_multiflora	Hermannia_multifloraHermannia_rudis	Hermannia_rudisHermas_villosa	Hermas_villosaHibiscus_trionum	Hibiscus_trionumHistiopteris_incisa	Histiopteris_incisaHolothrix_villosa	Holothrix_villosaHyobanche	Hyobanchehypodiscus_albo.aristatus	Hypodiscus_albo.aristatusHypodiscus_albo.aristatus	Hypodiscus_albo.aristatusHypodiscus_aristatus	Hypodiscus_aristatusHypodiscus_striatus	Hypodiscus_striatusHypodiscus_willdenowia	Hypodiscus_willdenowiaImperata_cylindrica	Imperata_cylindricaIndigofera	IndigoferaIndigofera_brachystachya	Indigofera_brachystachyaIndigofera_filicaulis	Indigofera_filicaulisIndigofera_filifolia	Indigofera_filifoliaIndigofera_filiformis	Indigofera_filiformisIndigofera_flabellata	Indigofera_flabellataIndigofera_glomerata	Indigofera_glomerataindigofera_mauritanica	Indigofera_mauritanicaIndigofera_mauritanica	Indigofera_mauritanicaIndigofera_psoraloides	Indigofera_psoraloidesIndigofera_sarmentosa	Indigofera_sarmentosaIridaceae	IridaceaeIsolepis_leucoloma	Isolepis_leucolomaIsolepis_ludwigii	Isolepis_ludwigiiIsolepis_marginata	Isolepis_marginataItasina_filifolia	Itasina_filifoliaIxia	IxiaJordaaniella__dubia	Jordaaniella_dubiaJordaaniella_dubia	Jordaaniella_dubiaJuncus_bufonius	Juncus_bufoniusJuncus_capensis	Juncus_capensisJuncus_kraussii	Juncus_kraussiiJuncus_lomatophyllus	Juncus_lomatophyllusKedrostis_nana	Kedrostis_nanaKiggelaria_africana	Kiggelaria_africanaKoeleria_capensis	Koeleria_capensisLachenalia_fistulosa	Lachenalia_fistulosaLachenalia_orchioides	Lachenalia_orchioidesLagurus_ovatus	Lagurus_ovatusLampranthus_aureus	Lampranthus_aureusLampranthus_bicolor	Lampranthus_bicolorLampranthus_elegans	Lampranthus_elegansLampranthus_emarginatus	Lampranthus_emarginatusLampranthus_emarginatus_.	Lampranthus_emarginatusLampranthus_glomeratus	Lampranthus_glomeratusLanaria_lanata	Lanaria_lanataLapeirousia_corymbosa	Lapeirousia_corymbosaLapeirousia_divaricata	Lapeirousia_divaricataLaurembergia_repens	Laurembergia_repensLebeckia_meyeriana	Lebeckia_meyerianaLebeckia_wrightii	Lebeckia_wrightiiLeptospermum_laevigatum	Leptospermum_laevigatumLeptospermum_Laevigatum	LeptospermumLessertia_frutescens	Lessertia_frutescensLeucadendron_coniferum	Leucadendron_coniferumLeucadendron_laureolum	Leucadendron_laureolumLeucadendron_salignum	Leucadendron_salignumLeucadendron_xanthoconus	Leucadendron_xanthoconusLeucospermum_conocarpodendron	Leucospermum_conocarpodendronLichtensteinia_lacera	Lichtensteinia_laceraLimonium_scabrum	Limonium_scabrumlinum_africanum	Linum_africanumLinum_africanum	Linum_africanumLinum_thunbergii	Linum_thunbergiiLiparia_parva	Liparia_parvaLiparia_splendens	Liparia_splendensLobelia_anceps	Lobelia_ancepsLobelia_comosa	Lobelia_comosaLobelia_coronopifolia	Lobelia_coronopifoliaLobelia_erinus	Lobelia_erinusLobelia_parva	Lobelia_parvaLobelia_pinifolia	Lobelia_pinifoliaLobelia_pubescens	Lobelia_pubescensLobelia_setacea	Lobelia_setaceaLobostemon_fruticosus	Lobostemon_fruticosusLobostemon_montanus	Lobostemon_montanusLolium_multiflorum	Lolium_multiflorumLolium_perenne	Lolium_perenneLotononis_involucrata	Lotononis_involucrataLycium_afrum	Lycium_afrumLycium_ferocissimum	Lycium_ferocissimumLyperia_tristis	Lyperia_tristisMacrostylis_villosa	Macrostylis_villosaManulea_cheiranthus	Manulea_cheiranthusManulea_tomentosa	Manulea_tomentosamastersiella_digitata	Mastersiella_digitataMastersiella_digitata	Mastersiella_digitataMaytenus_oleoides	Maytenus_oleoidesMerxmuellera	MerxmuelleraMetalasia_brevifolia	Metalasia_brevifoliaMetalasia_cephalotes	Metalasia_cephalotesMetalasia_compacta	Metalasia_compactaMetalasia_densa	Metalasia_densaMetalasia_divergens	Metalasia_divergensmetalasia_muricata	Metalasia_muricataMetalasia_muricata	Metalasia_muricataMicranthus_alopecuroides	Micranthus_alopecuroidesMicranthus_junceus	Micranthus_junceusMicrocodon_glomeratum	Microcodon_glomeratumMicrodon	MicrodonMicrodon_dubius	Microdon_dubiusMimetes_fimbriifolius	Mimetes_fimbriifoliusMohria_caffrorum	Mohria_caffrorumMonopsis_lutea	Monopsis_luteaMonopsis_simplex	Monopsis_simplexMontinia	MontiniaMontinia_caryophyllacea	Montinia_caryophyllaceaMoraea_bituminosa	Moraea_bituminosaMoraea_fugax	Moraea_fugaxMoraea_ramosissima	Moraea_ramosissimaMoraea_tripetala	Moraea_tripetalaMoraea_virgata	Moraea_virgataMorella_humilis	Morella_humilisMorella_quercifolia	Morella_quercifoliaMorella_serrata	Morella_serrataMuraltia__heisteria	Muraltia_heisteriaMuraltia_acipetala	Muraltia_acipetalaMuraltia_brachypetala	Muraltia_brachypetalaMuraltia_demissa	Muraltia_demissaMuraltia_diabolica	Muraltia_diabolicaMuraltia_divaricata	Muraltia_divaricatamuraltia_heisteria	Muraltia_heisteriaMuraltia_heisteria	Muraltia_heisteriaMuraltia_orbicularis	Muraltia_orbicularisMuraltia_thunbergii	Muraltia_thunbergiiMyoporum_tenuifolium	Myoporum_tenuifoliumMyrsine_africana	Myrsine_africanaMyrsine_africana.	Myrsine_africanaNemesia_affinis	Nemesia_affinisNemesia_barbata	Nemesia_barbataNemesia_lucida	Nemesia_lucidaNemesia_versicolor	Nemesia_versicolorNylandtia_spinosa	Nylandtia_spinosaOedera_capensis	Oedera_capensisOedera_imbricata	Oedera_imbricataOenothera_nocturna	Oenothera_nocturnaOftia_africana	Oftia_africanaOftia_glabra	Oftia_glabraOlea_capensis	Olea_capensisOlea_exasperata	Olea_exasperataOrchidaceae	OrchidaceaeOrnithogalum_hispidum	Ornithogalum_hispidumOrnithogalum_thyrsoides	Ornithogalum_thyrsoidesOsmitopsis_dentata	Osmitopsis_dentataosteospermum_ciliatum	Osteospermum_ciliatumOsteospermum_ciliatum	Osteospermum_ciliatumOsteospermum_polygaloides	Osteospermum_polygaloidesOtholobium_fruticans	Otholobium_fruticansOthonna_arborescens	Othonna_arborescensOthonna_coronopifolia	Othonna_coronopifoliaOthonna_digitata	Othonna_digitataOthonna_filicaulis	Othonna_filicaulisOthonna_quinquedentata	Othonna_quinquedentataOthonna_stenophylla	Othonna_stenophyllaOxalis_luteola	Oxalis_luteolaoxalis_polyphylla	Oxalis_polyphyllaOxalis_polyphylla	Oxalis_polyphyllaOxalis_purpurea	Oxalis_purpureaOxalis_versicolor	Oxalis_versicolorPasserina_corymbosa	Passerina_corymbosaPasserina_paleacea	Passerina_paleaceaPasserina_rigida	Passerina_rigidaPelargonium	PelargoniumPelargonium_betulinum	Pelargonium_betulinumPelargonium_capitatum	Pelargonium_capitatumPelargonium_chamaedryfolium	Pelargonium_chamaedryfoliumPelargonium_cucullatum	Pelargonium_cucullatumPelargonium_elongatum	Pelargonium_elongatumPelargonium_grossularioides	Pelargonium_grossularioidesPelargonium_longifolium	Pelargonium_longifoliumPelargonium_myrrhifolium	Pelargonium_myrrhifoliumPelargonium_peltatum	Pelargonium_peltatumpelargonium_pinnatum	Pelargonium_pinnatumPelargonium_pinnatum	Pelargonium_pinnatumPelargonium_quercifolium	Pelargonium_quercifoliumPelargonium_tabulare	Pelargonium_tabularePelargonium_triste	Pelargonium_tristePelargonium_undulatum	Pelargonium_undulatumPellaea_calomelanos	Pellaea_calomelanosPenaea_mucronata	Penaea_mucronataPennisetum_clandestinum	Pennisetum_clandestinumPennisetum_macrourum	Pennisetum_macrourumPentameris_macrocalycina	Pentameris_macrocalycinaPentaschistis_airoides	Pentaschistis_airoidesPentaschistis_ampla	Pentaschistis_amplaPentaschistis_argentea	Pentaschistis_argenteaPentaschistis_barbata	Pentaschistis_barbataPentaschistis_colorata	Pentaschistis_colorataPentaschistis_curvifolia	Pentaschistis_curvifoliaPentaschistis_eriostoma	Pentaschistis_eriostomaPentaschistis_malouinensis	Pentaschistis_malouinensisPentaschistis_pallescens	Pentaschistis_pallescensPentaschistis_pallida	Pentaschistis_pallidaPentaschistis_papillosa	Pentaschistis_papillosaPetalacte_coronata	Petalacte_coronataPetrorhagia_prolifera	Petrorhagia_proliferaPharnaceum_elongatum	Pharnaceum_elongatumPhylica_buxifolia	Phylica_buxifoliaPhylica_dioica	Phylica_dioicaPhylica_ericoides	Phylica_ericoidesPhylica_imberbis	Phylica_imberbisPhylica_parviflora	Phylica_parvifloraPhylica_plumosa	Phylica_plumosaPhylica_pubescens	Phylica_pubescensPhysalis_viscosa	Physalis_viscosaPhytolacca_octandra	Phytolacca_octandraPinus_pinaster	Pinus_pinasterPinus_pinea	Pinus_pineaPinus_radiata	Pinus_radiataPittosporum_undulatum	Pittosporum_undulatumPlantago_lanceolata	Plantago_lanceolataPlantago_remota	Plantago_remotaPlatycaulos_compressus	Platycaulos_compressusPlatycaulos_major	Platycaulos_majorPLATYCAULOS_MAJOR	Platycaulos_majorPoaceae	PoaceaePodalyria_argentea	Podalyria_argenteaPodalyria_biflora	Podalyria_bifloraPodalyria_calyptrata	Podalyria_calyptrataPodalyria_sericea	Podalyria_sericeaPolycarpon_tetraphyllum	Polycarpon_tetraphyllumPolygala	PolygalaPolygala_bracteolata	Polygala_bracteolataPolygala_garcinii	Polygala_garciniiPolygala_lehmanniana	Polygala_lehmannianaPolygala_myrtifolia	Polygala_myrtifoliaPolygala_recognita	Polygala_recognitaPolygala_umbellata	Polygala_umbellataPolygonum_aviculare	Polygonum_avicularePolypogon_monspeliensis	Polypogon_monspeliensisPopulus_canescens	Populus_canescensPrintzia_aromatica	Printzia_aromaticaPrismatocarpus_fruticosus	Prismatocarpus_fruticosusPrismatocarpus_lycopodioides	Prismatocarpus_lycopodioidesPrismatocarpus_sessilis	Prismatocarpus_sessilisProtea_acaulos	Protea_acaulosProtea_cynaroides	Protea_cynaroidesProtea_lepidocarpodendron	Protea_lepidocarpodendronProtea_neriifolia	Protea_neriifoliaprotea_nitida	Protea_nitidaProtea_nitida	Protea_nitidaProtea_repens	Protea_repensPseudognaphalium_undulatum	Pseudognaphalium_undulatumPseudopentameris_caespitosa	Pseudopentameris_caespitosaPseudopentameris_macrantha	Pseudopentameris_macranthaPseudoselago_peninsulae	Pseudoselago_peninsulaePseudoselago_serrata	Pseudoselago_serrataPseudoselago_spuria	Pseudoselago_spuriaPsoralea_aculeata	Psoralea_aculeataPsoralea_aphylla	Psoralea_aphyllaPsoralea_pinnata	Psoralea_pinnataPteridium_aquilinum	Pteridium_aquilinumPterocelastrus_tricuspidatus	Pterocelastrus_tricuspidatusPteronia_hirsuta	Pteronia_hirsutaPycreus_polystachyos	Pycreus_polystachyosRafnia_angulata	Rafnia_angulataRafnia_triflora	Rafnia_trifloraRapanea_melanophloeos	Rapanea_melanophloeosRaphanus_raphanistrum	Raphanus_raphanistrumRapistrum_rugosum	Rapistrum_rugosumRestio__capensis	Restio_capensisRestio_capensis	Restio_capensisRestio_cincinnatus	Restio_cincinnatusRestio_curviramis	Restio_curviramisRestio_eleocharis	Restio_eleocharisRestio_filiformis	Restio_filiformisRestio_gaudichaudianus	Restio_gaudichaudianusRestio_perplexus	Restio_perplexusRestio_quadratus	Restio_quadratusRestio_quadratus_.	Restio_quadratusRestio_tetragonus	Restio_tetragonusRestio_triticeus	Restio_triticeusRestio_vimineus	Restio_vimineusRestionaceae	RestionaceaeRhus_glauca	Rhus_glaucaRhus_laevigata	Rhus_laevigataRhus_lucida	Rhus_lucidaRhus_rosmarinifolia	Rhus_rosmarinifoliaRhus_tomentosa	Rhus_tomentosaRhynchosia_capensis	Rhynchosia_capensisRhynchosia_ferulifolia	Rhynchosia_ferulifoliaRoella_amplexicaulis	Roella_amplexicaulisRoella_ciliata	Roella_ciliataRoella_compacta	Roella_compactaRoella_decurrens	Roella_decurrensRoella_incurva	Roella_incurvaRoella_prostrata	Roella_prostrataRoella_triflora	Roella_trifloraRuschia_promontorii	Ruschia_promontoriiRuschia_sarmentosa	Ruschia_sarmentosaSaltera_sarcocolla	Saltera_sarcocollaSalvia_africana.lutea	Salvia_africana.luteaSalvia_chamelaeagnea	Salvia_chamelaeagneaSatyrium_bicorne	Satyrium_bicorneSatyrium_carneum	Satyrium_carneumScabiosa_africana	Scabiosa_africanaScabiosa_columbaria	Scabiosa_columbariaSchizaea_pectinata	Schizaea_pectinataSchizoglossum_aschersonianum	Schizoglossum_aschersonianumSearsia_Lucida	SearsiaSearsia_tomentosa	Searsia_tomentosaSelago_corymbosa	Selago_corymbosaSelago_cylindrica	Selago_cylindricaSelago_luxurians	Selago_luxuriansSelago_polystachya	Selago_polystachyaSelago_scabrida	Selago_scabridaSelago_serrata	Selago_serrataSenecio_arenarius	Senecio_arenariusSenecio_bipinnatus	Senecio_bipinnatusSenecio_burchellii	Senecio_burchelliiSenecio_elegans	Senecio_elegansSenecio_erosus	Senecio_erosusSenecio_halimifolius	Senecio_halimifoliusSenecio_hastatus	Senecio_hastatusSenecio_hastifolius	Senecio_hastifoliusSenecio_pinifolius	Senecio_pinifoliusSenecio_pinnulatus	Senecio_pinnulatusSenecio_pterophorus	Senecio_pterophorusSenecio_pubigerus	Senecio_pubigerusSenecio_purpureus	Senecio_purpureusSenecio_repandus	Senecio_repandusSenecio_rigidus	Senecio_rigidusSenecio_rosmarinifolius	Senecio_rosmarinifoliusSenecio_scapiflorus	Senecio_scapiflorusSenecio_subcanescens	Senecio_subcanescensSenecio_triqueter	Senecio_triqueterSenecio_umbellatus	Senecio_umbellatusSideroxylon_inerme	Sideroxylon_inermeSilene_bellidioides	Silene_bellidioidesSilene_cretica	Silene_creticaSilene_pilosellifolia	Silene_pilosellifoliaSilene_undulata	Silene_undulataSolanum_africanum	Solanum_africanumSolanum_americanum	Solanum_americanumSolanum_mauritianum	Solanum_mauritianumSolanum_retroflexum	Solanum_retroflexumSonchus_asper	Sonchus_asperSonchus_oleraceus	Sonchus_oleraceusSoroveta_ambigua	Soroveta_ambiguaSpergularia_media	Spergularia_mediaSpiloxene_capensis	Spiloxene_capensisSporobolus_africanus	Sporobolus_africanusStaavia_radiata	Staavia_radiataStaberoha_banksii	Staberoha_banksiiStaberoha_cernua	Staberoha_cernuaStaberoha_distachyos	Staberoha_distachyosStachys_aethiopica	Stachys_aethiopicaStachys_arvensis	Stachys_arvensisStilbe_ericoides	Stilbe_ericoidesStilbe_vestita	Stilbe_vestitaStipagrostis_zeyheri	Stipagrostis_zeyheriStoebe_aethiopica	Stoebe_aethiopicaStoebe_capitata	Stoebe_capitataStoebe_cyathuloides	Stoebe_cyathuloidesStoebe_fusca	Stoebe_fuscaStruthiola_argentea	Struthiola_argenteaStruthiola_ciliata	Struthiola_ciliataStruthiola_dodecandra	Struthiola_dodecandraStruthiola_striata	Struthiola_striataSutera_tomentosa	Sutera_tomentosaSyncarpha_canescens	Syncarpha_canescensSyncarpha_gnaphaloides	Syncarpha_gnaphaloidesSyncarpha_speciosissima	Syncarpha_speciosissimaSyncarpha_sp_.spiciosisima..	Syncarpha_speciosissimaSyncarpha_vestita	Syncarpha_vestitaTarchonanthus_camphoratus	Tarchonanthus_camphoratusTarchonanthus_littoralis	Tarchonanthus_littoralisTeedia_lucida	Teedia_lucidaTenaxia_stricta	Tenaxia_strictaTephrosia_capensis	Tephrosia_capensisTetragonia_fruticosa	Tetragonia_fruticosaTetraria_autumnalis	Tetraria_autumnalisTetraria_brachyphylla	Tetraria_brachyphyllaTetraria_bromoides	Tetraria_bromoidesTetraria_capillacea	Tetraria_capillaceaTetraria_compar	Tetraria_compartetraria_cuspidata	Tetraria_cuspidataTetraria_cuspidata	Tetraria_cuspidataTetraria_exilis	Tetraria_exilisTetraria_eximia	Tetraria_eximiaTetraria_fasciata	Tetraria_fasciataTetraria_fimbriolata	Tetraria_fimbriolataTetraria_flexuosa	Tetraria_flexuosaTetraria_microstachys	Tetraria_microstachysTetraria_sylvatica	Tetraria_sylvaticaTetraria_thermalis	Tetraria_thermalisTetraria_ustulata	Tetraria_ustulataThamnochortus_arenarius	Thamnochortus_arenariusThamnochortus_erectus	Thamnochortus_erectusThamnochortus_fruticosus	Thamnochortus_fruticosusThamnochortus_gracilis	Thamnochortus_gracilisThamnochortus_lucens	Thamnochortus_lucensThamnochortus_obtusus	Thamnochortus_obtususThamnochortus_sporadicus	Thamnochortus_sporadicusThemeda_triandra	Themeda_triandraThereianthus_bracteolatus	Thereianthus_bracteolatusThesidium_fragile	Thesidium_fragileThesium_acuminatum	Thesium_acuminatumThesium_aggregatum	Thesium_aggregatumthesium_capitatum	Thesium_capitatumThesium_capitatum	Thesium_capitatumThesium_densiflorum	Thesium_densiflorumThesium_funale	Thesium_funaleThesium_pubescens	Thesium_pubescensThesium_strictum	Thesium_strictumThesium_virgatum	Thesium_virgatumThesium_viridifolium	Thesium_viridifoliumThunbergiella_filiformis	Thunbergiella_filiformisTodea_barbara	Todea_barbaraTorilis_arvensis	Torilis_arvensisTrachyandra_ciliata	Trachyandra_ciliataTrachyandra_hirsuta	Trachyandra_hirsutaTrachyandra_hirsutiflora	Trachyandra_hirsutifloraTrachyandra_revoluta	Trachyandra_revolutaTrachyandra_sabulosa	Trachyandra_sabulosaTrachyandra_scabra	Trachyandra_scabraTrachyandra_tabularis	Trachyandra_tabularisTreichelia_longibracteata	Treichelia_longibracteataTribolium_hispidum	Tribolium_hispidumTribolium_uniolae	Tribolium_uniolaeTrichocephalus_stipularis	Trichocephalus_stipularisTrichogyne_ambigua	Trichogyne_ambiguaTrifolium_angustifolium	Trifolium_angustifoliumTriglochin_bulbosa	Triglochin_bulbosaTritoniopsis	TritoniopsisTritoniopsis_antholyza	Tritoniopsis_antholyzaTritoniopsis_dodii	Tritoniopsis_dodiiTritoniopsis_parviflora	Tritoniopsis_parvifloraTritoniopsis_triticea	Tritoniopsis_triticeaTritoniopsis_unguicularis	Tritoniopsis_unguicularisTypha_capensis	Typha_capensisUrsinia_chrysanthemoides	Ursinia_chrysanthemoidesUrsinia_dentata	Ursinia_dentataUrsinia_paleacea	Ursinia_paleaceaVicia_hirsuta	Vicia_hirsutaViscum_capense	Viscum_capenseWachendorfia_multiflora	Wachendorfia_multifloraWachendorfia_paniculata	Wachendorfia_paniculataWahlenbergia_capensis	Wahlenbergia_capensisWahlenbergia_cernua	Wahlenbergia_cernuaWahlenbergia_exilis	Wahlenbergia_exilisWahlenbergia_longifolia	Wahlenbergia_longifoliaWahlenbergia_obovata	Wahlenbergia_obovataWahlenbergia_parvifolia	Wahlenbergia_parvifoliaWahlenbergia_tenella	Wahlenbergia_tenellaWatsonia_borbonica	Watsonia_borbonicaWatsonia_tabularis	Watsonia_tabularisWiddringtonia_nodiflora	Widdringtonia_nodifloraWilldenowia_glomerata	Willdenowia_glomerataWilldenowia_incurvata	Willdenowia_incurvataWilldenowia_teres	Willdenowia_teresZaluzianskya_capensis	Zaluzianskya_capensisZaluzianskya_divaricata	Zaluzianskya_divaricataZaluzianskya_villosa	Zaluzianskya_villosaZantedeschia_aethiopica	Zantedeschia_aethiopicaZygophyllum_flexuosum	Zygophyllum_flexuosumZygophyllum_fulvum	Zygophyllum_fulvumZyrphelis_taxifolia	Zyrphelis_taxifoliaHelichrysum_crispum	Helichrysum_crispumHypochoeris_radicata	Hypochoeris_radicataStruthiola_oppositifolia	Struthiola_oppositifoliaAcacia_longifolia	Acacia_longifoliaAcacia_saligna	Acacia_salignaAspalathus_divaricata	Aspalathus_divaricataAspalathus_ericoides	Aspalathus_ericoidesAspalathus_laricifolia	Aspalathus_laricifoliaBrunia_nodiflora	Brunia_nodifloraChrysocoma_.	ChrysocomaChrysocoma.	ChrysocomaErigeron_canadensis	Erigeron_canadensisHakea_drupacea	Hakea_drupaceaHelichrysum_cymosum	Helichrysum_cymosumHermannia_procumbens	Hermannia_procumbensHibiscus_aethiopicus	Hibiscus_aethiopicusIndigofera_angustifolia	Indigofera_angustifoliaLessertia_miniata	Lessertia_miniataLeucadendron_conocarpodendron	Leucadendron_conocarpodendronLythrum_hyssopifolium	Lythrum_hyssopifoliumMaurocenia_frangula	Maurocenia_frangulaOsyris_compressa	Osyris_compressaParaserianthes_lophantha	Paraserianthes_lophanthaPentameris_ampla	Pentameris_amplaPentameris_aristidoides	Pentameris_aristidoidesPentameris_calcicola	Pentameris_calcicolaPentameris_colorata	Pentameris_colorataPentameris_pallida	Pentameris_pallidaPeucedanum_strictum	Peucedanum_strictumPhyllobolus_canaliculatus	Phyllobolus_canaliculatusPsoralea_asarina	Psoralea_asarinaPsoralea_imbricata	Psoralea_imbricataPsoralea_laxa	Psoralea_laxaRafnia_capensis	Rafnia_capensisRobsonodendron_maritimum	Robsonodendron_maritimumSearsia_glauca	Searsia_glaucaSearsia_laevigata	Searsia_laevigataSearsia_lucida	Searsia_lucidaSearsia_rosmarinifolia	Searsia_rosmarinifoliaSerruria_villosa	Serruria_villosaSilene_aethiopica	Silene_aethiopicaSilene_undulata_subsp_undulata	Silene_undulata_subsp._undulataThesium_carinatum	Thesium_carinatumThesium_subnudum	Thesium_subnudumTrifolium_campestre	Trifolium_campestreVirgilia_oroboides	Virgilia_oroboidesAdenandra_villosa_subsp_villosa	Adenandra_villosa_subsp._villosaAlciope_tabularis	Alciope_tabularisAristea_macrocarpa	Aristea_macrocarpaAristea_major	Aristea_majorAsparagus_compactus	Asparagus_compactusBolusafra_bituminosa	Bolusafra_bituminosaCalopsis_fruticosa	Calopsis_fruticosaCalopsis_gracilis	Calopsis_gracilisCalopsis_viminea	Calopsis_vimineaChamaesyce_maculata	Chamaesyce_maculataColchicum_eucomoides	Colchicum_eucomoidesConyza_bonariensis	Conyza_bonariensisConyza_canadensis	Conyza_canadensisCullumia_squarrosa	Cullumia_squarrosaDisparago_lasiocarpa	Disparago_lasiocarpaEhrharta_ramosa_ssp_aphylla	Ehrharta_ramosa_subsp._aphyllaEhrharta_ramosa_ssp._aphylla	Ehrharta_ramosa_subsp._aphyllaEhrharta_rupestris_ssp_tricostata	Ehrharta_rupestris_subsp._tricostataEhrharta_rupestris	Ehrharta_rupestris_subsp._tricostataEhrharta_rupestris_ssp._tricostata	Ehrharta_rupestris_subsp._tricostataEhrharta_setacea_ssp_uniflora	Ehrharta_setacea_subsp._unifloraErica__similis	Erica_similisErica_similis	Erica_similisErigeron_capensis	Erigeron_capensisFicinia_tenuifolia	Ficinia_tenuifoliaGnidia_simplex	Gnidia_simplexHelichrysum_patulum	Helichrysum_patulumHelichrysum_spinosum	Helichrysum_spinosumHelichrysum_vestitum	Helichrysum_vestitumInula_capensis	Inula_capensisInula_graveolens	Inula_graveolensIschyrolepis__sieberi	Ischyrolepis_sieberiischyrolepis_capensis	Ischyrolepis_capensisIschyrolepis_capensis	Ischyrolepis_capensisIschyrolepis_cincinnata	Ischyrolepis_cincinnataIschyrolepis_eleocharis	Ischyrolepis_eleocharisIschyrolepis_gaudichaudiana	Ischyrolepis_gaudichaudianaIschyrolepis_tenuissima	Ischyrolepis_tenuissimaKnowltonia_capensis	Knowltonia_capensisKnowltonia_vesicatoria	Knowltonia_vesicatoriaLachnaea_grandiflora	Lachnaea_grandifloraLightfootia_tenella	Lightfootia_tenellaLobelia_eckloniana	Lobelia_ecklonianaMacrostylis_villosa_ssp_villosa	Macrostylis_villosa_subsp._villosaMacrostylis_villosa_subsp_villosa	Macrostylis_villosa_subsp._villosaMariscus_congestus	Mariscus_congestusMariscus_thunbergii	Mariscus_thunbergiiMelilotus_indica	Melilotus_indicaMerxmuellera_cincta	Merxmuellera_cinctamerxmuellera_rufa	Merxmuellera_rufaMerxmuellera_rufa	Merxmuellera_rufaMerxmuellera_stricta	Merxmuellera_strictaMiscanthus_capensis	Miscanthus_capensisMonopsis_debilis_var_depressa	Monopsis_debilis_var._depressa
Monopsis_debilis	Monopsis_debilisMyoporum_serratum	Myoporum_serratumOlea_capensis_subsp_capensis	Olea_capensis_subsp._capensisOlea_europaea_ssp._africana	Olea_europaea_ssp._africanaOsmitopsis_asteriscoides	Osmitopsis_asteriscoidesPasserina_vulgaris	Passerina_vulgarisPentameris_airoides	Pentameris_airoidesPentameris_barbata	Pentameris_barbataPentameris_pallescens	Pentameris_pallescensPentaschistis_pusilla	Pentaschistis_pusillaPeucedanum_ferulaceum	Peucedanum_ferulaceumPeucedanum_galbanum	Peucedanum_galbanumPeucedanum_striatum	Peucedanum_striatumPeucedanum_tenuifolium	Peucedanum_tenuifoliumPicris_echioides	Picris_echioidesPolypogon_strictus	Polypogon_strictusPrismatocarpus_lycopodioides_var._lycopodioides	Prismatocarpus_lycopodioides_var._lycopodioidesscirpoides_thunbergii	Scirpoides_thunbergiiScirpoides_thunbergii	Scirpoides_thunbergiiSolanum_nigrum	Solanum_nigrumSolanum_quadrangulare	Solanum_quadrangulareSonderina_hispida	Sonderina_hispidaSporobolus_capensis	Sporobolus_capensisStaberoha_distachya	Staberoha_distachyaStoebe_cinerea	Stoebe_cinereaStoebe_plumosa	Stoebe_plumosaSutera_hispida	Sutera_hispidaTrichogyne_repens	Trichogyne_repensTripteris_clandestina	Tripteris_clandestinaUrsinia_anthemoides	Ursinia_anthemoidesWachendorfia_parviflora	Wachendorfia_parvifloraWahlenbergia_parviflora	Wahlenbergia_parviflora